#
# There is insufficient memory for the Java Runtime Environment to continue.
# Native memory allocation (mmap) failed to map 663748608 bytes for G1 virtual space
# Possible reasons:
#   The system is out of physical RAM or swap space
#   The process is running with CompressedOops enabled, and the Java Heap may be blocking the growth of the native heap
# Possible solutions:
#   Reduce memory load on the system
#   Increase physical memory or swap space
#   Check if swap backing store is full
#   Decrease Java heap size (-Xmx/-Xms)
#   Decrease number of Java threads
#   Decrease Java thread stack sizes (-Xss)
#   Set larger code cache with -XX:ReservedCodeCacheSize=
#   JVM is running with Unscaled Compressed Oops mode in which the Java heap is
#     placed in the first 4GB address space. The Java Heap base address is the
#     maximum limit for the native heap growth. Please use -XX:HeapBaseMinAddress
#     to set the Java Heap base and to place the Java Heap above 4GB virtual address.
# This output file may be truncated or incomplete.
#
#  Out of Memory Error (os_windows.cpp:3530), pid=130604, tid=132784
#
# JRE version: Java(TM) SE Runtime Environment (18.0+36) (build 18+36-2087)
# Java VM: Java HotSpot(TM) 64-Bit Server VM (18+36-2087, mixed mode, sharing, tiered, compressed oops, compressed class ptrs, g1 gc, windows-amd64)
# No core dump will be written. Minidumps are not enabled by default on client versions of Windows
#

---------------  S U M M A R Y ------------

Command Line: -XX:MaxMetaspaceSize=512m --add-opens=java.base/java.util=ALL-UNNAMED --add-opens=java.base/java.lang=ALL-UNNAMED --add-opens=java.base/java.lang.invoke=ALL-UNNAMED --add-opens=java.prefs/java.util.prefs=ALL-UNNAMED --add-opens=java.base/java.nio.charset=ALL-UNNAMED --add-opens=java.base/java.net=ALL-UNNAMED --add-opens=java.base/java.util.concurrent.atomic=ALL-UNNAMED -Xmx2048m -Dfile.encoding=UTF-8 -Duser.country=US -Duser.language=en -Duser.variant -javaagent:C:\Users\TalhaBinKhalil\.gradle\wrapper\dists\gradle-8.6-all\3mbtmo166bl6vumsh5k2lkq5h\gradle-8.6\lib\agents\gradle-instrumentation-agent-8.6.jar org.gradle.launcher.daemon.bootstrap.GradleDaemon 8.6

Host: Intel(R) Core(TM) i5-10210U CPU @ 1.60GHz, 8 cores, 11G,  Windows 10 , 64 bit Build 19041 (10.0.19041.4957)
Time: Thu Oct  3 19:49:12 2024 Pakistan Standard Time elapsed time: 55.058096 seconds (0d 0h 0m 55s)

---------------  T H R E A D  ---------------

Current thread (0x00000239a67fb2c0):  VMThread "VM Thread" [stack: 0x000000eed2800000,0x000000eed2900000] [id=132784]

Stack: [0x000000eed2800000,0x000000eed2900000]
Native frames: (J=compiled Java code, j=interpreted, Vv=VM code, C=native code)
V  [jvm.dll+0x69804a]
V  [jvm.dll+0x7f308d]
V  [jvm.dll+0x7f499e]
V  [jvm.dll+0x7f5053]
V  [jvm.dll+0x25ca3f]
V  [jvm.dll+0x694f99]
V  [jvm.dll+0x689aca]
V  [jvm.dll+0x321efb]
V  [jvm.dll+0x3298d6]
V  [jvm.dll+0x37e47e]
V  [jvm.dll+0x37e6af]
V  [jvm.dll+0x2f9c7a]
V  [jvm.dll+0x2f9d27]
V  [jvm.dll+0x33e262]
V  [jvm.dll+0x33c804]
V  [jvm.dll+0x2f9450]
V  [jvm.dll+0x33bddb]
V  [jvm.dll+0x7f9e3b]
V  [jvm.dll+0x7fabd4]
V  [jvm.dll+0x7fb10c]
V  [jvm.dll+0x7fb564]
V  [jvm.dll+0x7fb627]
V  [jvm.dll+0x79fbba]
V  [jvm.dll+0x696ef5]
C  [ucrtbase.dll+0x21bb2]
C  [KERNEL32.DLL+0x17374]
C  [ntdll.dll+0x4cc91]

VM_Operation (0x000000eed3ff5a10): G1CollectForAllocation, mode: safepoint, requested by thread 0x00000239ac940420


---------------  P R O C E S S  ---------------

Threads class SMR info:
_java_thread_list=0x00000239b5e27070, length=124, elements={
0x00000239865ed210, 0x00000239a67ff980, 0x00000239a68004f0, 0x00000239a68161f0,
0x00000239a6818ab0, 0x00000239a6819360, 0x00000239a6819c10, 0x00000239a681d3a0,
0x00000239a681ddd0, 0x00000239a6820e70, 0x00000239aac8b3d0, 0x00000239aad79eb0,
0x00000239ac1a0160, 0x00000239ac7a8910, 0x00000239ac8e2a40, 0x00000239ac8d84f0,
0x00000239ac9b1ef0, 0x00000239ac9a8f80, 0x00000239ac940420, 0x00000239ac9408f0,
0x00000239ac940dc0, 0x00000239ac9425d0, 0x00000239ac93ff50, 0x00000239ac941290,
0x00000239ac941760, 0x00000239ac942aa0, 0x00000239ac942f70, 0x00000239ac943440,
0x00000239ac93fa80, 0x00000239ad68abd0, 0x00000239ad68d720, 0x00000239ad68a230,
0x00000239ad688ef0, 0x00000239ad68dbf0, 0x00000239ad68bf10, 0x00000239ad68a700,
0x00000239ad6893c0, 0x00000239ad68ea60, 0x00000239ad689890, 0x00000239ad68f400,
0x00000239ad68d250, 0x00000239ad68e590, 0x00000239ad68f8d0, 0x00000239ad68ef30,
0x00000239ad68b0a0, 0x00000239ad689d60, 0x00000239aaf0d7f0, 0x00000239aaf11b50,
0x00000239aaf129c0, 0x00000239aaf12e90, 0x00000239aaf0f9a0, 0x00000239aaf0f000,
0x00000239aaf0dcc0, 0x00000239aaf0d320, 0x00000239aaf11680, 0x00000239aaf0fe70,
0x00000239aaf111b0, 0x00000239aaf0c980, 0x00000239aaf0e660, 0x00000239aaf0eb30,
0x00000239af5acf70, 0x00000239af5b12d0, 0x00000239af5af120, 0x00000239af5b2140,
0x00000239af5b2610, 0x00000239af5b2ae0, 0x00000239af5b2fb0, 0x00000239af5b3480,
0x00000239af5b3950, 0x00000239af5acaa0, 0x00000239af5b0460, 0x00000239af5ad440,
0x00000239af5b17a0, 0x00000239af5af5f0, 0x00000239af5ac100, 0x00000239af5afac0,
0x00000239af5aff90, 0x00000239af5ad910, 0x00000239af5ac5d0, 0x00000239af5adde0,
0x00000239af5b0e00, 0x00000239af5b0930, 0x00000239af5b1c70, 0x00000239af5ae780,
0x00000239af5aec50, 0x00000239af5ae2b0, 0x00000239a6888ea0, 0x00000239a6889370,
0x00000239a6886350, 0x00000239a68889d0, 0x00000239a6888500, 0x00000239a6886cf0,
0x00000239a68871c0, 0x00000239a688bec0, 0x00000239a688dba0, 0x00000239a6887b60,
0x00000239a688b520, 0x00000239a688b9f0, 0x00000239a688c860, 0x00000239a688cd30,
0x00000239ad688080, 0x00000239ad68b570, 0x00000239ac942100, 0x00000239b467fbf0,
0x00000239b46800c0, 0x00000239b4680f30, 0x00000239b467d570, 0x00000239b4681400,
0x00000239b4680590, 0x00000239b4680a60, 0x00000239b467da40, 0x00000239b4681da0,
0x00000239b46818d0, 0x00000239b46848f0, 0x00000239b4682270, 0x00000239b4682740,
0x00000239b4682c10, 0x00000239b4684420, 0x00000239b467f250, 0x00000239b4683a80,
0x00000239b4683f50, 0x00000239b467e3e0, 0x00000239b467d0a0, 0x00000239b467e8b0
}

Java Threads: ( => current thread )
  0x00000239865ed210 JavaThread "main" [_thread_blocked, id=130060, stack(0x000000eed2200000,0x000000eed2300000)]
  0x00000239a67ff980 JavaThread "Reference Handler" daemon [_thread_blocked, id=126184, stack(0x000000eed2900000,0x000000eed2a00000)]
  0x00000239a68004f0 JavaThread "Finalizer" daemon [_thread_blocked, id=125064, stack(0x000000eed2a00000,0x000000eed2b00000)]
  0x00000239a68161f0 JavaThread "Signal Dispatcher" daemon [_thread_blocked, id=124148, stack(0x000000eed2b00000,0x000000eed2c00000)]
  0x00000239a6818ab0 JavaThread "Attach Listener" daemon [_thread_blocked, id=127144, stack(0x000000eed2c00000,0x000000eed2d00000)]
  0x00000239a6819360 JavaThread "Service Thread" daemon [_thread_blocked, id=110420, stack(0x000000eed2d00000,0x000000eed2e00000)]
  0x00000239a6819c10 JavaThread "Monitor Deflation Thread" daemon [_thread_blocked, id=128188, stack(0x000000eed2e00000,0x000000eed2f00000)]
  0x00000239a681d3a0 JavaThread "C2 CompilerThread0" daemon [_thread_blocked, id=126836, stack(0x000000eed2f00000,0x000000eed3000000)]
  0x00000239a681ddd0 JavaThread "C1 CompilerThread0" daemon [_thread_blocked, id=56756, stack(0x000000eed3000000,0x000000eed3100000)]
  0x00000239a6820e70 JavaThread "Sweeper thread" daemon [_thread_blocked, id=83160, stack(0x000000eed3100000,0x000000eed3200000)]
  0x00000239aac8b3d0 JavaThread "Common-Cleaner" daemon [_thread_blocked, id=115108, stack(0x000000eed3200000,0x000000eed3300000)]
  0x00000239aad79eb0 JavaThread "Notification Thread" daemon [_thread_blocked, id=55580, stack(0x000000eed3300000,0x000000eed3400000)]
  0x00000239ac1a0160 JavaThread "Daemon health stats" [_thread_blocked, id=73760, stack(0x000000eed3900000,0x000000eed3a00000)]
  0x00000239ac7a8910 JavaThread "Incoming local TCP Connector on port 53510" [_thread_in_native, id=129168, stack(0x000000eed3a00000,0x000000eed3b00000)]
  0x00000239ac8e2a40 JavaThread "Daemon periodic checks" [_thread_blocked, id=129100, stack(0x000000eed3b00000,0x000000eed3c00000)]
  0x00000239ac8d84f0 JavaThread "Daemon" [_thread_blocked, id=129724, stack(0x000000eed3c00000,0x000000eed3d00000)]
  0x00000239ac9b1ef0 JavaThread "Handler for socket connection from /127.0.0.1:53510 to /127.0.0.1:53511" [_thread_in_native, id=46220, stack(0x000000eed3d00000,0x000000eed3e00000)]
  0x00000239ac9a8f80 JavaThread "Cancel handler" [_thread_blocked, id=87172, stack(0x000000eed3e00000,0x000000eed3f00000)]
  0x00000239ac940420 JavaThread "Daemon worker" [_thread_blocked, id=118580, stack(0x000000eed3f00000,0x000000eed4000000)]
  0x00000239ac9408f0 JavaThread "Asynchronous log dispatcher for DefaultDaemonConnection: socket connection from /127.0.0.1:53510 to /127.0.0.1:53511" [_thread_blocked, id=84372, stack(0x000000eed4000000,0x000000eed4100000)]
  0x00000239ac940dc0 JavaThread "Stdin handler" [_thread_blocked, id=130528, stack(0x000000eed4100000,0x000000eed4200000)]
  0x00000239ac9425d0 JavaThread "Daemon client event forwarder" [_thread_blocked, id=80488, stack(0x000000eed4200000,0x000000eed4300000)]
  0x00000239ac93ff50 JavaThread "Cache worker for journal cache (C:\Users\TalhaBinKhalil\.gradle\caches\journal-1)" [_thread_blocked, id=127516, stack(0x000000eed4300000,0x000000eed4400000)]
  0x00000239ac941290 JavaThread "File lock request listener" [_thread_in_native, id=114596, stack(0x000000eed4400000,0x000000eed4500000)]
  0x00000239ac941760 JavaThread "Cache worker for file hash cache (C:\Users\TalhaBinKhalil\.gradle\caches\8.6\fileHashes)" [_thread_blocked, id=116164, stack(0x000000eed4500000,0x000000eed4600000)]
  0x00000239ac942aa0 JavaThread "File watcher server" daemon [_thread_blocked, id=131100, stack(0x000000eed4600000,0x000000eed4700000)]
  0x00000239ac942f70 JavaThread "File watcher consumer" daemon [_thread_blocked, id=45440, stack(0x000000eed4a00000,0x000000eed4b00000)]
  0x00000239ac943440 JavaThread "Cache worker for checksums cache (D:\almafitness\android\.gradle\8.6\checksums)" [_thread_blocked, id=117316, stack(0x000000eed4c00000,0x000000eed4d00000)]
  0x00000239ac93fa80 JavaThread "Cache worker for file hash cache (D:\almafitness\android\.gradle\8.6\fileHashes)" [_thread_blocked, id=125156, stack(0x000000eed4d00000,0x000000eed4e00000)]
  0x00000239ad68abd0 JavaThread "Cache worker for cache directory md-supplier (C:\Users\TalhaBinKhalil\.gradle\caches\8.6\md-supplier)" [_thread_blocked, id=129356, stack(0x000000eed4e00000,0x000000eed4f00000)]
  0x00000239ad68d720 JavaThread "Cache worker for cache directory md-rule (C:\Users\TalhaBinKhalil\.gradle\caches\8.6\md-rule)" [_thread_blocked, id=114784, stack(0x000000eed4f00000,0x000000eed5000000)]
  0x00000239ad68a230 JavaThread "Cache worker for file content cache (C:\Users\TalhaBinKhalil\.gradle\caches\8.6\fileContent)" [_thread_blocked, id=132828, stack(0x000000eed5000000,0x000000eed5100000)]
  0x00000239ad688ef0 JavaThread "jar transforms" [_thread_blocked, id=128784, stack(0x000000eed5100000,0x000000eed5200000)]
  0x00000239ad68dbf0 JavaThread "jar transforms Thread 2" [_thread_blocked, id=133008, stack(0x000000eed5200000,0x000000eed5300000)]
  0x00000239ad68bf10 JavaThread "jar transforms Thread 3" [_thread_blocked, id=128604, stack(0x000000eed5300000,0x000000eed5400000)]
  0x00000239ad68a700 JavaThread "jar transforms Thread 4" [_thread_blocked, id=132628, stack(0x000000eed5400000,0x000000eed5500000)]
  0x00000239ad6893c0 JavaThread "Exec process" [_thread_blocked, id=127548, stack(0x000000eed5500000,0x000000eed5600000)]
  0x00000239ad68ea60 JavaThread "Exec process Thread 2" [_thread_blocked, id=126924, stack(0x000000eed5600000,0x000000eed5700000)]
  0x00000239ad689890 JavaThread "Exec process Thread 3" [_thread_blocked, id=109012, stack(0x000000eed5700000,0x000000eed5800000)]
  0x00000239ad68f400 JavaThread "jar transforms Thread 5" [_thread_blocked, id=116024, stack(0x000000eed5800000,0x000000eed5900000)]
  0x00000239ad68d250 JavaThread "jar transforms Thread 6" [_thread_blocked, id=132340, stack(0x000000eed5900000,0x000000eed5a00000)]
  0x00000239ad68e590 JavaThread "Unconstrained build operations" [_thread_blocked, id=89008, stack(0x000000eed5b00000,0x000000eed5c00000)]
  0x00000239ad68f8d0 JavaThread "Unconstrained build operations Thread 2" [_thread_blocked, id=126196, stack(0x000000eed5c00000,0x000000eed5d00000)]
  0x00000239ad68ef30 JavaThread "jar transforms Thread 7" [_thread_blocked, id=75188, stack(0x000000eed5d00000,0x000000eed5e00000)]
  0x00000239ad68b0a0 JavaThread "jar transforms Thread 8" [_thread_blocked, id=130044, stack(0x000000eed5e00000,0x000000eed5f00000)]
  0x00000239ad689d60 JavaThread "Cache worker for Build Output Cleanup Cache (D:\almafitness\node_modules\@react-native\gradle-plugin\.gradle\buildOutputCleanup)" [_thread_blocked, id=122104, stack(0x000000eed5f00000,0x000000eed6000000)]
  0x00000239aaf0d7f0 JavaThread "Unconstrained build operations Thread 3" [_thread_blocked, id=95180, stack(0x000000eed6000000,0x000000eed6100000)]
  0x00000239aaf11b50 JavaThread "Unconstrained build operations Thread 4" [_thread_blocked, id=64320, stack(0x000000eed6100000,0x000000eed6200000)]
  0x00000239aaf129c0 JavaThread "Unconstrained build operations Thread 5" [_thread_blocked, id=131008, stack(0x000000eed6200000,0x000000eed6300000)]
  0x00000239aaf12e90 JavaThread "Unconstrained build operations Thread 6" [_thread_blocked, id=20652, stack(0x000000eed6300000,0x000000eed6400000)]
  0x00000239aaf0f9a0 JavaThread "Unconstrained build operations Thread 7" [_thread_blocked, id=53052, stack(0x000000eed6400000,0x000000eed6500000)]
  0x00000239aaf0f000 JavaThread "Unconstrained build operations Thread 8" [_thread_blocked, id=78116, stack(0x000000eed6500000,0x000000eed6600000)]
  0x00000239aaf0dcc0 JavaThread "Unconstrained build operations Thread 9" [_thread_blocked, id=74184, stack(0x000000eed6600000,0x000000eed6700000)]
  0x00000239aaf0d320 JavaThread "build event listener" [_thread_blocked, id=128796, stack(0x000000eed6700000,0x000000eed6800000)]
  0x00000239aaf11680 JavaThread "Memory manager" [_thread_blocked, id=129796, stack(0x000000eed6a00000,0x000000eed6b00000)]
  0x00000239aaf0fe70 JavaThread "Cache worker for Build Output Cleanup Cache (D:\almafitness\android\.gradle\buildOutputCleanup)" [_thread_blocked, id=87204, stack(0x000000eed6b00000,0x000000eed6c00000)]
  0x00000239aaf111b0 JavaThread "ForkJoinPool.commonPool-worker-1" daemon [_thread_blocked, id=102388, stack(0x000000eed6c00000,0x000000eed6d00000)]
  0x00000239aaf0c980 JavaThread "ForkJoinPool.commonPool-worker-2" daemon [_thread_blocked, id=128524, stack(0x000000eed6d00000,0x000000eed6e00000)]
  0x00000239aaf0e660 JavaThread "ForkJoinPool.commonPool-worker-3" daemon [_thread_blocked, id=106608, stack(0x000000eed6e00000,0x000000eed6f00000)]
  0x00000239aaf0eb30 JavaThread "ForkJoinPool.commonPool-worker-4" daemon [_thread_blocked, id=129764, stack(0x000000eed6f00000,0x000000eed7000000)]
  0x00000239af5acf70 JavaThread "ForkJoinPool.commonPool-worker-5" daemon [_thread_blocked, id=54200, stack(0x000000eed7000000,0x000000eed7100000)]
  0x00000239af5b12d0 JavaThread "ForkJoinPool.commonPool-worker-6" daemon [_thread_blocked, id=130732, stack(0x000000eed7100000,0x000000eed7200000)]
  0x00000239af5af120 JavaThread "ForkJoinPool.commonPool-worker-7" daemon [_thread_blocked, id=127680, stack(0x000000eed7200000,0x000000eed7300000)]
  0x00000239af5b2140 JavaThread "included builds" [_thread_blocked, id=65080, stack(0x000000eed7300000,0x000000eed7400000)]
  0x00000239af5b2610 JavaThread "Execution worker" [_thread_blocked, id=131124, stack(0x000000eed7400000,0x000000eed7500000)]
  0x00000239af5b2ae0 JavaThread "Execution worker Thread 2" [_thread_blocked, id=132724, stack(0x000000eed7500000,0x000000eed7600000)]
  0x00000239af5b2fb0 JavaThread "Execution worker Thread 3" [_thread_blocked, id=127900, stack(0x000000eed7600000,0x000000eed7700000)]
  0x00000239af5b3480 JavaThread "Execution worker Thread 4" [_thread_blocked, id=130496, stack(0x000000eed7700000,0x000000eed7800000)]
  0x00000239af5b3950 JavaThread "Execution worker Thread 5" [_thread_blocked, id=131448, stack(0x000000eed7800000,0x000000eed7900000)]
  0x00000239af5acaa0 JavaThread "Execution worker Thread 6" [_thread_blocked, id=129348, stack(0x000000eed7900000,0x000000eed7a00000)]
  0x00000239af5b0460 JavaThread "Execution worker Thread 7" [_thread_blocked, id=131280, stack(0x000000eed7a00000,0x000000eed7b00000)]
  0x00000239af5ad440 JavaThread "Cache worker for execution history cache (D:\almafitness\node_modules\@react-native\gradle-plugin\.gradle\8.6\executionHistory)" [_thread_blocked, id=71824, stack(0x000000eed7b00000,0x000000eed7c00000)]
  0x00000239af5b17a0 JavaThread "Unconstrained build operations Thread 10" [_thread_blocked, id=131484, stack(0x000000eed7c00000,0x000000eed7d00000)]
  0x00000239af5af5f0 JavaThread "Unconstrained build operations Thread 11" [_thread_blocked, id=59472, stack(0x000000eed7d00000,0x000000eed7e00000)]
  0x00000239af5ac100 JavaThread "Unconstrained build operations Thread 12" [_thread_blocked, id=131324, stack(0x000000eed7e00000,0x000000eed7f00000)]
  0x00000239af5afac0 JavaThread "Unconstrained build operations Thread 13" [_thread_blocked, id=87972, stack(0x000000eed7f00000,0x000000eed8000000)]
  0x00000239af5aff90 JavaThread "Unconstrained build operations Thread 14" [_thread_blocked, id=104964, stack(0x000000eed8000000,0x000000eed8100000)]
  0x00000239af5ad910 JavaThread "Unconstrained build operations Thread 15" [_thread_blocked, id=62292, stack(0x000000eed8100000,0x000000eed8200000)]
  0x00000239af5ac5d0 JavaThread "Unconstrained build operations Thread 16" [_thread_blocked, id=85444, stack(0x000000eed8200000,0x000000eed8300000)]
  0x00000239af5adde0 JavaThread "Unconstrained build operations Thread 17" [_thread_blocked, id=61012, stack(0x000000eed8300000,0x000000eed8400000)]
  0x00000239af5b0e00 JavaThread "Unconstrained build operations Thread 18" [_thread_blocked, id=122652, stack(0x000000eed8400000,0x000000eed8500000)]
  0x00000239af5b0930 JavaThread "Unconstrained build operations Thread 19" [_thread_blocked, id=132152, stack(0x000000eed8500000,0x000000eed8600000)]
  0x00000239af5b1c70 JavaThread "Unconstrained build operations Thread 20" [_thread_blocked, id=46584, stack(0x000000eed8600000,0x000000eed8700000)]
  0x00000239af5ae780 JavaThread "Unconstrained build operations Thread 21" [_thread_blocked, id=11228, stack(0x000000eed8700000,0x000000eed8800000)]
  0x00000239af5aec50 JavaThread "Unconstrained build operations Thread 22" [_thread_blocked, id=118060, stack(0x000000eed8800000,0x000000eed8900000)]
  0x00000239af5ae2b0 JavaThread "Unconstrained build operations Thread 23" [_thread_blocked, id=86760, stack(0x000000eed8900000,0x000000eed8a00000)]
  0x00000239a6888ea0 JavaThread "Unconstrained build operations Thread 24" [_thread_blocked, id=129856, stack(0x000000eed8a00000,0x000000eed8b00000)]
  0x00000239a6889370 JavaThread "Unconstrained build operations Thread 25" [_thread_blocked, id=77352, stack(0x000000eed8b00000,0x000000eed8c00000)]
  0x00000239a6886350 JavaThread "Unconstrained build operations Thread 26" [_thread_blocked, id=131028, stack(0x000000eed8c00000,0x000000eed8d00000)]
  0x00000239a68889d0 JavaThread "Unconstrained build operations Thread 27" [_thread_blocked, id=74240, stack(0x000000eed8d00000,0x000000eed8e00000)]
  0x00000239a6888500 JavaThread "Unconstrained build operations Thread 28" [_thread_blocked, id=74248, stack(0x000000eed8e00000,0x000000eed8f00000)]
  0x00000239a6886cf0 JavaThread "Unconstrained build operations Thread 29" [_thread_blocked, id=115040, stack(0x000000eed8f00000,0x000000eed9000000)]
  0x00000239a68871c0 JavaThread "Unconstrained build operations Thread 30" [_thread_blocked, id=131864, stack(0x000000eed9000000,0x000000eed9100000)]
  0x00000239a688bec0 JavaThread "Unconstrained build operations Thread 31" [_thread_blocked, id=79800, stack(0x000000eed9100000,0x000000eed9200000)]
  0x00000239a688dba0 JavaThread "Unconstrained build operations Thread 32" [_thread_blocked, id=125824, stack(0x000000eed9200000,0x000000eed9300000)]
  0x00000239a6887b60 JavaThread "build event listener" [_thread_blocked, id=122112, stack(0x000000eed9300000,0x000000eed9400000)]
  0x00000239a688b520 JavaThread "Unconstrained build operations Thread 33" [_thread_blocked, id=129972, stack(0x000000eed9400000,0x000000eed9500000)]
  0x00000239a688b9f0 JavaThread "Unconstrained build operations Thread 34" [_thread_blocked, id=131860, stack(0x000000eed9500000,0x000000eed9600000)]
  0x00000239a688c860 JavaThread "Unconstrained build operations Thread 35" [_thread_blocked, id=126056, stack(0x000000eed9600000,0x000000eed9700000)]
  0x00000239a688cd30 JavaThread "Unconstrained build operations Thread 36" [_thread_blocked, id=73376, stack(0x000000eed9700000,0x000000eed9800000)]
  0x00000239ad688080 JavaThread "Unconstrained build operations Thread 37" [_thread_blocked, id=131964, stack(0x000000eed9800000,0x000000eed9900000)]
  0x00000239ad68b570 JavaThread "Unconstrained build operations Thread 38" [_thread_blocked, id=132680, stack(0x000000eed9900000,0x000000eed9a00000)]
  0x00000239ac942100 JavaThread "Unconstrained build operations Thread 39" [_thread_blocked, id=64800, stack(0x000000eed9a00000,0x000000eed9b00000)]
  0x00000239b467fbf0 JavaThread "Unconstrained build operations Thread 40" [_thread_blocked, id=92044, stack(0x000000eed9b00000,0x000000eed9c00000)]
  0x00000239b46800c0 JavaThread "Unconstrained build operations Thread 41" [_thread_blocked, id=132300, stack(0x000000eed9c00000,0x000000eed9d00000)]
  0x00000239b4680f30 JavaThread "Unconstrained build operations Thread 42" [_thread_blocked, id=126180, stack(0x000000eed9d00000,0x000000eed9e00000)]
  0x00000239b467d570 JavaThread "Unconstrained build operations Thread 43" [_thread_blocked, id=127928, stack(0x000000eed9e00000,0x000000eed9f00000)]
  0x00000239b4681400 JavaThread "Unconstrained build operations Thread 44" [_thread_blocked, id=62884, stack(0x000000eed9f00000,0x000000eeda000000)]
  0x00000239b4680590 JavaThread "Unconstrained build operations Thread 45" [_thread_blocked, id=96644, stack(0x000000eeda000000,0x000000eeda100000)]
  0x00000239b4680a60 JavaThread "Unconstrained build operations Thread 46" [_thread_blocked, id=128100, stack(0x000000eeda100000,0x000000eeda200000)]
  0x00000239b467da40 JavaThread "Unconstrained build operations Thread 47" [_thread_blocked, id=51836, stack(0x000000eeda200000,0x000000eeda300000)]
  0x00000239b4681da0 JavaThread "Unconstrained build operations Thread 48" [_thread_blocked, id=116960, stack(0x000000eeda300000,0x000000eeda400000)]
  0x00000239b46818d0 JavaThread "Unconstrained build operations Thread 49" [_thread_blocked, id=128028, stack(0x000000eeda400000,0x000000eeda500000)]
  0x00000239b46848f0 JavaThread "Unconstrained build operations Thread 50" [_thread_blocked, id=126876, stack(0x000000eeda500000,0x000000eeda600000)]
  0x00000239b4682270 JavaThread "Unconstrained build operations Thread 51" [_thread_blocked, id=131392, stack(0x000000eeda600000,0x000000eeda700000)]
  0x00000239b4682740 JavaThread "Unconstrained build operations Thread 52" [_thread_blocked, id=131892, stack(0x000000eeda700000,0x000000eeda800000)]
  0x00000239b4682c10 JavaThread "Unconstrained build operations Thread 53" [_thread_blocked, id=127220, stack(0x000000eeda800000,0x000000eeda900000)]
  0x00000239b4684420 JavaThread "Unconstrained build operations Thread 54" [_thread_blocked, id=131192, stack(0x000000eeda900000,0x000000eedaa00000)]
  0x00000239b467f250 JavaThread "Unconstrained build operations Thread 55" [_thread_blocked, id=71748, stack(0x000000eedaa00000,0x000000eedab00000)]
  0x00000239b4683a80 JavaThread "Unconstrained build operations Thread 56" [_thread_blocked, id=51692, stack(0x000000eedab00000,0x000000eedac00000)]
  0x00000239b4683f50 JavaThread "Unconstrained build operations Thread 57" [_thread_blocked, id=109140, stack(0x000000eedac00000,0x000000eedad00000)]
  0x00000239b467e3e0 JavaThread "Unconstrained build operations Thread 58" [_thread_blocked, id=114984, stack(0x000000eedad00000,0x000000eedae00000)]
  0x00000239b467d0a0 JavaThread "Unconstrained build operations Thread 59" [_thread_blocked, id=62316, stack(0x000000eedae00000,0x000000eedaf00000)]
  0x00000239b467e8b0 JavaThread "Unconstrained build operations Thread 60" [_thread_blocked, id=16784, stack(0x000000eedaf00000,0x000000eedb000000)]

Other Threads:
=>0x00000239a67fb2c0 VMThread "VM Thread" [stack: 0x000000eed2800000,0x000000eed2900000] [id=132784]
  0x00000239aad864f0 WatcherThread "VM Periodic Task Thread" [stack: 0x000000eed3400000,0x000000eed3500000] [id=124964]
  0x000002398664d6b0 WorkerThread "GC Thread#0" [stack: 0x000000eed2300000,0x000000eed2400000] [id=131940]
  0x00000239ab58e460 WorkerThread "GC Thread#1" [stack: 0x000000eed3500000,0x000000eed3600000] [id=130360]
  0x00000239ab554280 WorkerThread "GC Thread#2" [stack: 0x000000eed3600000,0x000000eed3700000] [id=120824]
  0x00000239ab554520 WorkerThread "GC Thread#3" [stack: 0x000000eed3700000,0x000000eed3800000] [id=13696]
  0x00000239aafa9620 WorkerThread "GC Thread#4" [stack: 0x000000eed3800000,0x000000eed3900000] [id=132816]
  0x00000239acab6350 WorkerThread "GC Thread#5" [stack: 0x000000eed4700000,0x000000eed4800000] [id=17320]
  0x00000239acab6f60 WorkerThread "GC Thread#6" [stack: 0x000000eed4800000,0x000000eed4900000] [id=117964]
  0x00000239acab7200 WorkerThread "GC Thread#7" [stack: 0x000000eed4900000,0x000000eed4a00000] [id=126300]
  0x0000023986660510 ConcurrentGCThread "G1 Main Marker" [stack: 0x000000eed2400000,0x000000eed2500000] [id=131080]
  0x0000023986660e10 WorkerThread "G1 Conc#0" [stack: 0x000000eed2500000,0x000000eed2600000] [id=132408]
  0x00000239ae2a8530 WorkerThread "G1 Conc#1" [stack: 0x000000eed4b00000,0x000000eed4c00000] [id=84120]
  0x00000239866aeb80 ConcurrentGCThread "G1 Refine#0" [stack: 0x000000eed2600000,0x000000eed2700000] [id=132140]
  0x00000239a66b5510 ConcurrentGCThread "G1 Service" [stack: 0x000000eed2700000,0x000000eed2800000] [id=129160]

Threads with active compile tasks:
C2 CompilerThread0    55094 13925       4       org.codehaus.groovy.reflection.stdclasses.CachedSAMClass::getAbstractMethods (122 bytes)

VM state: at safepoint (normal execution)

VM Mutex/Monitor currently owned by a thread:  ([mutex/lock_event])
[0x00000239865ea5c0] Threads_lock - owner thread: 0x00000239a67fb2c0
[0x00000239865ea650] Heap_lock - owner thread: 0x00000239ac940420

Heap address: 0x0000000080000000, size: 2048 MB, Compressed Oops mode: 32-bit

CDS archive(s) mapped at: [0x0000000800000000-0x0000000800ba0000-0x0000000800ba0000), size 12189696, SharedBaseAddress: 0x0000000800000000, ArchiveRelocationMode: 0.
Compressed class space mapped at: 0x0000000800c00000-0x000000081a800000, reserved size: 432013312
Narrow klass base: 0x0000000800000000, Narrow klass shift: 0, Narrow klass range: 0x100000000

GC Precious Log:
 CardTable entry size: 512
 Card Set container configuration: InlinePtr #cards 5 size 8 Array Of Cards #cards 12 size 40 Howl #buckets 4 coarsen threshold 1843 Howl Bitmap #cards 512 size 80 coarsen threshold 460 Card regions per heap region 1 cards per card region 2048
 CPUs: 8 total, 8 available
 Memory: 12121M
 Large Page Support: Disabled
 NUMA Support: Disabled
 Compressed Oops: Enabled (32-bit)
 Heap Region Size: 1M
 Heap Min Capacity: 8M
 Heap Initial Capacity: 190M
 Heap Max Capacity: 2G
 Pre-touch: Disabled
 Parallel Workers: 8
 Concurrent Workers: 2
 Concurrent Refinement Workers: 8
 Periodic GC: Disabled

Heap:
 garbage-first heap   total 414720K, used 178353K [0x0000000080000000, 0x0000000100000000)
  region size 1024K, 14 young (14336K), 14 survivors (14336K)
 Metaspace       used 110478K, committed 112960K, reserved 552960K
  class space    used 15417K, committed 16704K, reserved 421888K

Heap Regions: E=young(eden), S=young(survivor), O=old, HS=humongous(starts), HC=humongous(continues), CS=collection set, F=free, OA=open archive, CA=closed archive, TAMS=top-at-mark-start (previous, next)
|   0|0x0000000080000000, 0x0000000080100000, 0x0000000080100000|100%|HS|  |TAMS 0x0000000080100000, 0x0000000080100000| Complete 
|   1|0x0000000080100000, 0x0000000080200000, 0x0000000080200000|100%|HC|  |TAMS 0x0000000080200000, 0x0000000080200000| Complete 
|   2|0x0000000080200000, 0x0000000080300000, 0x0000000080300000|100%|HC|  |TAMS 0x0000000080300000, 0x0000000080300000| Complete 
|   3|0x0000000080300000, 0x0000000080400000, 0x0000000080400000|100%|HC|  |TAMS 0x0000000080400000, 0x0000000080400000| Complete 
|   4|0x0000000080400000, 0x0000000080500000, 0x0000000080500000|100%| O|  |TAMS 0x0000000080500000, 0x0000000080500000| Untracked 
|   5|0x0000000080500000, 0x0000000080600000, 0x0000000080600000|100%| O|  |TAMS 0x0000000080600000, 0x0000000080600000| Untracked 
|   6|0x0000000080600000, 0x0000000080700000, 0x0000000080700000|100%| O|  |TAMS 0x0000000080700000, 0x0000000080700000| Untracked 
|   7|0x0000000080700000, 0x0000000080800000, 0x0000000080800000|100%| O|  |TAMS 0x0000000080800000, 0x0000000080800000| Untracked 
|   8|0x0000000080800000, 0x0000000080900000, 0x0000000080900000|100%| O|  |TAMS 0x0000000080900000, 0x0000000080900000| Untracked 
|   9|0x0000000080900000, 0x0000000080a00000, 0x0000000080a00000|100%| O|  |TAMS 0x0000000080a00000, 0x0000000080a00000| Untracked 
|  10|0x0000000080a00000, 0x0000000080b00000, 0x0000000080b00000|100%| O|  |TAMS 0x0000000080b00000, 0x0000000080b00000| Untracked 
|  11|0x0000000080b00000, 0x0000000080c00000, 0x0000000080c00000|100%| O|  |TAMS 0x0000000080c00000, 0x0000000080c00000| Untracked 
|  12|0x0000000080c00000, 0x0000000080d00000, 0x0000000080d00000|100%| O|  |TAMS 0x0000000080d00000, 0x0000000080d00000| Untracked 
|  13|0x0000000080d00000, 0x0000000080e00000, 0x0000000080e00000|100%| O|  |TAMS 0x0000000080e00000, 0x0000000080e00000| Untracked 
|  14|0x0000000080e00000, 0x0000000080f00000, 0x0000000080f00000|100%| O|  |TAMS 0x0000000080f00000, 0x0000000080f00000| Untracked 
|  15|0x0000000080f00000, 0x0000000081000000, 0x0000000081000000|100%| O|  |TAMS 0x0000000081000000, 0x0000000081000000| Untracked 
|  16|0x0000000081000000, 0x0000000081100000, 0x0000000081100000|100%| O|  |TAMS 0x0000000081100000, 0x0000000081100000| Untracked 
|  17|0x0000000081100000, 0x0000000081200000, 0x0000000081200000|100%| O|  |TAMS 0x0000000081200000, 0x0000000081200000| Untracked 
|  18|0x0000000081200000, 0x0000000081300000, 0x0000000081300000|100%| O|  |TAMS 0x0000000081300000, 0x0000000081300000| Untracked 
|  19|0x0000000081300000, 0x0000000081400000, 0x0000000081400000|100%| O|  |TAMS 0x0000000081400000, 0x0000000081400000| Untracked 
|  20|0x0000000081400000, 0x0000000081500000, 0x0000000081500000|100%| O|  |TAMS 0x0000000081500000, 0x0000000081500000| Untracked 
|  21|0x0000000081500000, 0x00000000815e5a00, 0x0000000081600000| 89%| O|  |TAMS 0x00000000815e5a00, 0x00000000815e5a00| Untracked 
|  22|0x0000000081600000, 0x0000000081700000, 0x0000000081700000|100%| O|  |TAMS 0x0000000081700000, 0x0000000081700000| Untracked 
|  23|0x0000000081700000, 0x0000000081800000, 0x0000000081800000|100%| O|  |TAMS 0x0000000081800000, 0x0000000081800000| Untracked 
|  24|0x0000000081800000, 0x0000000081900000, 0x0000000081900000|100%| O|  |TAMS 0x0000000081900000, 0x0000000081900000| Untracked 
|  25|0x0000000081900000, 0x0000000081a00000, 0x0000000081a00000|100%| O|  |TAMS 0x0000000081a00000, 0x0000000081a00000| Untracked 
|  26|0x0000000081a00000, 0x0000000081b00000, 0x0000000081b00000|100%| O|  |TAMS 0x0000000081b00000, 0x0000000081b00000| Untracked 
|  27|0x0000000081b00000, 0x0000000081c00000, 0x0000000081c00000|100%| O|  |TAMS 0x0000000081c00000, 0x0000000081c00000| Untracked 
|  28|0x0000000081c00000, 0x0000000081d00000, 0x0000000081d00000|100%| O|  |TAMS 0x0000000081d00000, 0x0000000081d00000| Untracked 
|  29|0x0000000081d00000, 0x0000000081e00000, 0x0000000081e00000|100%| O|  |TAMS 0x0000000081e00000, 0x0000000081e00000| Untracked 
|  30|0x0000000081e00000, 0x0000000081f00000, 0x0000000081f00000|100%| O|  |TAMS 0x0000000081f00000, 0x0000000081f00000| Untracked 
|  31|0x0000000081f00000, 0x0000000082000000, 0x0000000082000000|100%| O|  |TAMS 0x0000000082000000, 0x0000000082000000| Untracked 
|  32|0x0000000082000000, 0x0000000082100000, 0x0000000082100000|100%| O|  |TAMS 0x0000000082100000, 0x0000000082100000| Untracked 
|  33|0x0000000082100000, 0x0000000082200000, 0x0000000082200000|100%| O|  |TAMS 0x0000000082200000, 0x0000000082200000| Untracked 
|  34|0x0000000082200000, 0x0000000082300000, 0x0000000082300000|100%| O|  |TAMS 0x0000000082300000, 0x0000000082300000| Untracked 
|  35|0x0000000082300000, 0x0000000082400000, 0x0000000082400000|100%| O|  |TAMS 0x0000000082400000, 0x0000000082400000| Untracked 
|  36|0x0000000082400000, 0x0000000082500000, 0x0000000082500000|100%| O|  |TAMS 0x0000000082500000, 0x0000000082500000| Untracked 
|  37|0x0000000082500000, 0x0000000082600000, 0x0000000082600000|100%| O|  |TAMS 0x0000000082600000, 0x0000000082600000| Untracked 
|  38|0x0000000082600000, 0x0000000082700000, 0x0000000082700000|100%| O|  |TAMS 0x0000000082700000, 0x0000000082700000| Untracked 
|  39|0x0000000082700000, 0x0000000082800000, 0x0000000082800000|100%|HS|  |TAMS 0x0000000082800000, 0x0000000082800000| Complete 
|  40|0x0000000082800000, 0x0000000082900000, 0x0000000082900000|100%| O|  |TAMS 0x0000000082900000, 0x0000000082900000| Untracked 
|  41|0x0000000082900000, 0x0000000082a00000, 0x0000000082a00000|100%| O|  |TAMS 0x0000000082a00000, 0x0000000082a00000| Untracked 
|  42|0x0000000082a00000, 0x0000000082b00000, 0x0000000082b00000|100%|HS|  |TAMS 0x0000000082b00000, 0x0000000082b00000| Complete 
|  43|0x0000000082b00000, 0x0000000082c00000, 0x0000000082c00000|100%| O|  |TAMS 0x0000000082c00000, 0x0000000082c00000| Untracked 
|  44|0x0000000082c00000, 0x0000000082d00000, 0x0000000082d00000|100%| O|  |TAMS 0x0000000082d00000, 0x0000000082d00000| Untracked 
|  45|0x0000000082d00000, 0x0000000082e00000, 0x0000000082e00000|100%| O|  |TAMS 0x0000000082e00000, 0x0000000082e00000| Untracked 
|  46|0x0000000082e00000, 0x0000000082f00000, 0x0000000082f00000|100%|HS|  |TAMS 0x0000000082f00000, 0x0000000082f00000| Complete 
|  47|0x0000000082f00000, 0x0000000083000000, 0x0000000083000000|100%|HC|  |TAMS 0x0000000083000000, 0x0000000083000000| Complete 
|  48|0x0000000083000000, 0x0000000083100000, 0x0000000083100000|100%|HS|  |TAMS 0x0000000083100000, 0x0000000083100000| Complete 
|  49|0x0000000083100000, 0x0000000083200000, 0x0000000083200000|100%|HC|  |TAMS 0x0000000083200000, 0x0000000083200000| Complete 
|  50|0x0000000083200000, 0x0000000083300000, 0x0000000083300000|100%| O|  |TAMS 0x0000000083300000, 0x0000000083300000| Untracked 
|  51|0x0000000083300000, 0x0000000083400000, 0x0000000083400000|100%| O|  |TAMS 0x0000000083400000, 0x0000000083400000| Untracked 
|  52|0x0000000083400000, 0x0000000083500000, 0x0000000083500000|100%|HS|  |TAMS 0x0000000083500000, 0x0000000083500000| Complete 
|  53|0x0000000083500000, 0x0000000083600000, 0x0000000083600000|100%|HC|  |TAMS 0x0000000083600000, 0x0000000083600000| Complete 
|  54|0x0000000083600000, 0x0000000083700000, 0x0000000083700000|100%|HC|  |TAMS 0x0000000083700000, 0x0000000083700000| Complete 
|  55|0x0000000083700000, 0x0000000083800000, 0x0000000083800000|100%|HC|  |TAMS 0x0000000083800000, 0x0000000083800000| Complete 
|  56|0x0000000083800000, 0x0000000083900000, 0x0000000083900000|100%|HS|  |TAMS 0x0000000083900000, 0x0000000083900000| Complete 
|  57|0x0000000083900000, 0x0000000083a00000, 0x0000000083a00000|100%|HC|  |TAMS 0x0000000083a00000, 0x0000000083a00000| Complete 
|  58|0x0000000083a00000, 0x0000000083b00000, 0x0000000083b00000|100%|HC|  |TAMS 0x0000000083b00000, 0x0000000083b00000| Complete 
|  59|0x0000000083b00000, 0x0000000083c00000, 0x0000000083c00000|100%|HC|  |TAMS 0x0000000083c00000, 0x0000000083c00000| Complete 
|  60|0x0000000083c00000, 0x0000000083d00000, 0x0000000083d00000|100%| O|  |TAMS 0x0000000083c00000, 0x0000000083d00000| Untracked 
|  61|0x0000000083d00000, 0x0000000083e00000, 0x0000000083e00000|100%| O|  |TAMS 0x0000000083e00000, 0x0000000083e00000| Untracked 
|  62|0x0000000083e00000, 0x0000000083f00000, 0x0000000083f00000|100%| O|  |TAMS 0x0000000083f00000, 0x0000000083f00000| Untracked 
|  63|0x0000000083f00000, 0x0000000084000000, 0x0000000084000000|100%| O|  |TAMS 0x0000000084000000, 0x0000000084000000| Untracked 
|  64|0x0000000084000000, 0x0000000084100000, 0x0000000084100000|100%| O|  |TAMS 0x0000000084100000, 0x0000000084100000| Untracked 
|  65|0x0000000084100000, 0x0000000084200000, 0x0000000084200000|100%| O|  |TAMS 0x0000000084200000, 0x0000000084200000| Untracked 
|  66|0x0000000084200000, 0x0000000084300000, 0x0000000084300000|100%| O|  |TAMS 0x0000000084300000, 0x0000000084300000| Untracked 
|  67|0x0000000084300000, 0x0000000084400000, 0x0000000084400000|100%| O|  |TAMS 0x0000000084400000, 0x0000000084400000| Untracked 
|  68|0x0000000084400000, 0x0000000084500000, 0x0000000084500000|100%| O|  |TAMS 0x0000000084500000, 0x0000000084500000| Untracked 
|  69|0x0000000084500000, 0x0000000084600000, 0x0000000084600000|100%| O|  |TAMS 0x0000000084600000, 0x0000000084600000| Untracked 
|  70|0x0000000084600000, 0x0000000084700000, 0x0000000084700000|100%| O|  |TAMS 0x0000000084700000, 0x0000000084700000| Untracked 
|  71|0x0000000084700000, 0x0000000084800000, 0x0000000084800000|100%| O|  |TAMS 0x0000000084800000, 0x0000000084800000| Untracked 
|  72|0x0000000084800000, 0x0000000084900000, 0x0000000084900000|100%| O|  |TAMS 0x0000000084900000, 0x0000000084900000| Untracked 
|  73|0x0000000084900000, 0x0000000084a00000, 0x0000000084a00000|100%| O|  |TAMS 0x0000000084a00000, 0x0000000084a00000| Untracked 
|  74|0x0000000084a00000, 0x0000000084b00000, 0x0000000084b00000|100%| O|  |TAMS 0x0000000084a00000, 0x0000000084b00000| Untracked 
|  75|0x0000000084b00000, 0x0000000084c00000, 0x0000000084c00000|100%| O|  |TAMS 0x0000000084b00000, 0x0000000084c00000| Untracked 
|  76|0x0000000084c00000, 0x0000000084d00000, 0x0000000084d00000|100%| O|  |TAMS 0x0000000084d00000, 0x0000000084d00000| Untracked 
|  77|0x0000000084d00000, 0x0000000084e00000, 0x0000000084e00000|100%|HS|  |TAMS 0x0000000084e00000, 0x0000000084e00000| Complete 
|  78|0x0000000084e00000, 0x0000000084f00000, 0x0000000084f00000|100%|HS|  |TAMS 0x0000000084f00000, 0x0000000084f00000| Complete 
|  79|0x0000000084f00000, 0x0000000085000000, 0x0000000085000000|100%| O|  |TAMS 0x0000000085000000, 0x0000000085000000| Untracked 
|  80|0x0000000085000000, 0x0000000085100000, 0x0000000085100000|100%|HS|  |TAMS 0x0000000085100000, 0x0000000085100000| Complete 
|  81|0x0000000085100000, 0x0000000085200000, 0x0000000085200000|100%|HS|  |TAMS 0x0000000085200000, 0x0000000085200000| Complete 
|  82|0x0000000085200000, 0x0000000085300000, 0x0000000085300000|100%| O|  |TAMS 0x0000000085300000, 0x0000000085300000| Untracked 
|  83|0x0000000085300000, 0x0000000085400000, 0x0000000085400000|100%| O|  |TAMS 0x0000000085400000, 0x0000000085400000| Untracked 
|  84|0x0000000085400000, 0x0000000085500000, 0x0000000085500000|100%| O|  |TAMS 0x0000000085500000, 0x0000000085500000| Untracked 
|  85|0x0000000085500000, 0x0000000085600000, 0x0000000085600000|100%| O|  |TAMS 0x0000000085600000, 0x0000000085600000| Untracked 
|  86|0x0000000085600000, 0x0000000085700000, 0x0000000085700000|100%| O|  |TAMS 0x0000000085700000, 0x0000000085700000| Untracked 
|  87|0x0000000085700000, 0x0000000085800000, 0x0000000085800000|100%| O|  |TAMS 0x0000000085800000, 0x0000000085800000| Untracked 
|  88|0x0000000085800000, 0x0000000085900000, 0x0000000085900000|100%| O|  |TAMS 0x0000000085900000, 0x0000000085900000| Untracked 
|  89|0x0000000085900000, 0x0000000085a00000, 0x0000000085a00000|100%| O|  |TAMS 0x0000000085900000, 0x0000000085900000| Untracked 
|  90|0x0000000085a00000, 0x0000000085b00000, 0x0000000085b00000|100%| O|  |TAMS 0x0000000085b00000, 0x0000000085b00000| Untracked 
|  91|0x0000000085b00000, 0x0000000085c00000, 0x0000000085c00000|100%| O|  |TAMS 0x0000000085c00000, 0x0000000085c00000| Untracked 
|  92|0x0000000085c00000, 0x0000000085d00000, 0x0000000085d00000|100%| O|  |TAMS 0x0000000085c00000, 0x0000000085c00000| Untracked 
|  93|0x0000000085d00000, 0x0000000085e00000, 0x0000000085e00000|100%| O|  |TAMS 0x0000000085e00000, 0x0000000085e00000| Untracked 
|  94|0x0000000085e00000, 0x0000000085f00000, 0x0000000085f00000|100%| O|  |TAMS 0x0000000085f00000, 0x0000000085f00000| Untracked 
|  95|0x0000000085f00000, 0x0000000086000000, 0x0000000086000000|100%|HS|  |TAMS 0x0000000086000000, 0x0000000086000000| Complete 
|  96|0x0000000086000000, 0x0000000086100000, 0x0000000086100000|100%| O|  |TAMS 0x0000000086100000, 0x0000000086100000| Untracked 
|  97|0x0000000086100000, 0x0000000086200000, 0x0000000086200000|100%| O|  |TAMS 0x0000000086200000, 0x0000000086200000| Untracked 
|  98|0x0000000086200000, 0x0000000086300000, 0x0000000086300000|100%| O|  |TAMS 0x0000000086300000, 0x0000000086300000| Untracked 
|  99|0x0000000086300000, 0x0000000086400000, 0x0000000086400000|100%| O|  |TAMS 0x0000000086400000, 0x0000000086400000| Untracked 
| 100|0x0000000086400000, 0x0000000086500000, 0x0000000086500000|100%| O|  |TAMS 0x0000000086500000, 0x0000000086500000| Untracked 
| 101|0x0000000086500000, 0x0000000086600000, 0x0000000086600000|100%| O|  |TAMS 0x0000000086600000, 0x0000000086600000| Untracked 
| 102|0x0000000086600000, 0x0000000086700000, 0x0000000086700000|100%| O|  |TAMS 0x0000000086700000, 0x0000000086700000| Untracked 
| 103|0x0000000086700000, 0x0000000086800000, 0x0000000086800000|100%| O|  |TAMS 0x0000000086800000, 0x0000000086800000| Untracked 
| 104|0x0000000086800000, 0x0000000086900000, 0x0000000086900000|100%| O|  |TAMS 0x0000000086900000, 0x0000000086900000| Untracked 
| 105|0x0000000086900000, 0x0000000086a00000, 0x0000000086a00000|100%| O|  |TAMS 0x0000000086a00000, 0x0000000086a00000| Untracked 
| 106|0x0000000086a00000, 0x0000000086b00000, 0x0000000086b00000|100%| O|  |TAMS 0x0000000086b00000, 0x0000000086b00000| Untracked 
| 107|0x0000000086b00000, 0x0000000086c00000, 0x0000000086c00000|100%| O|  |TAMS 0x0000000086c00000, 0x0000000086c00000| Untracked 
| 108|0x0000000086c00000, 0x0000000086d00000, 0x0000000086d00000|100%| O|  |TAMS 0x0000000086d00000, 0x0000000086d00000| Untracked 
| 109|0x0000000086d00000, 0x0000000086e00000, 0x0000000086e00000|100%| O|  |TAMS 0x0000000086e00000, 0x0000000086e00000| Untracked 
| 110|0x0000000086e00000, 0x0000000086f00000, 0x0000000086f00000|100%| O|  |TAMS 0x0000000086f00000, 0x0000000086f00000| Untracked 
| 111|0x0000000086f00000, 0x0000000087000000, 0x0000000087000000|100%| O|  |TAMS 0x0000000087000000, 0x0000000087000000| Untracked 
| 112|0x0000000087000000, 0x0000000087100000, 0x0000000087100000|100%|HS|  |TAMS 0x0000000087100000, 0x0000000087100000| Complete 
| 113|0x0000000087100000, 0x0000000087200000, 0x0000000087200000|100%|HC|  |TAMS 0x0000000087200000, 0x0000000087200000| Complete 
| 114|0x0000000087200000, 0x0000000087300000, 0x0000000087300000|100%|HS|  |TAMS 0x0000000087300000, 0x0000000087300000| Complete 
| 115|0x0000000087300000, 0x0000000087400000, 0x0000000087400000|100%|HC|  |TAMS 0x0000000087400000, 0x0000000087400000| Complete 
| 116|0x0000000087400000, 0x0000000087500000, 0x0000000087500000|100%|HC|  |TAMS 0x0000000087500000, 0x0000000087500000| Complete 
| 117|0x0000000087500000, 0x0000000087600000, 0x0000000087600000|100%|HS|  |TAMS 0x0000000087600000, 0x0000000087600000| Complete 
| 118|0x0000000087600000, 0x0000000087700000, 0x0000000087700000|100%|HC|  |TAMS 0x0000000087700000, 0x0000000087700000| Complete 
| 119|0x0000000087700000, 0x0000000087800000, 0x0000000087800000|100%|HS|  |TAMS 0x0000000087800000, 0x0000000087800000| Complete 
| 120|0x0000000087800000, 0x0000000087900000, 0x0000000087900000|100%|HS|  |TAMS 0x0000000087900000, 0x0000000087900000| Complete 
| 121|0x0000000087900000, 0x0000000087a00000, 0x0000000087a00000|100%| O|  |TAMS 0x0000000087a00000, 0x0000000087a00000| Untracked 
| 122|0x0000000087a00000, 0x0000000087b00000, 0x0000000087b00000|100%| O|  |TAMS 0x0000000087b00000, 0x0000000087b00000| Untracked 
| 123|0x0000000087b00000, 0x0000000087c00000, 0x0000000087c00000|100%| O|  |TAMS 0x0000000087c00000, 0x0000000087c00000| Untracked 
| 124|0x0000000087c00000, 0x0000000087c46a00, 0x0000000087d00000| 27%| O|  |TAMS 0x0000000087c00000, 0x0000000087c00000| Untracked 
| 125|0x0000000087d00000, 0x0000000087d00000, 0x0000000087e00000|  0%| F|  |TAMS 0x0000000087d00000, 0x0000000087d00000| Untracked 
| 126|0x0000000087e00000, 0x0000000087f00000, 0x0000000087f00000|100%| O|  |TAMS 0x0000000087f00000, 0x0000000087f00000| Untracked 
| 127|0x0000000087f00000, 0x0000000088000000, 0x0000000088000000|100%| O|  |TAMS 0x0000000088000000, 0x0000000088000000| Untracked 
| 128|0x0000000088000000, 0x0000000088100000, 0x0000000088100000|100%| O|  |TAMS 0x0000000088100000, 0x0000000088100000| Untracked 
| 129|0x0000000088100000, 0x0000000088200000, 0x0000000088200000|100%| O|  |TAMS 0x0000000088200000, 0x0000000088200000| Untracked 
| 130|0x0000000088200000, 0x0000000088300000, 0x0000000088300000|100%| O|  |TAMS 0x0000000088300000, 0x0000000088300000| Untracked 
| 131|0x0000000088300000, 0x0000000088400000, 0x0000000088400000|100%| O|  |TAMS 0x0000000088400000, 0x0000000088400000| Untracked 
| 132|0x0000000088400000, 0x0000000088500000, 0x0000000088500000|100%| O|  |TAMS 0x0000000088500000, 0x0000000088500000| Untracked 
| 133|0x0000000088500000, 0x0000000088600000, 0x0000000088600000|100%| O|  |TAMS 0x0000000088600000, 0x0000000088600000| Untracked 
| 134|0x0000000088600000, 0x0000000088700000, 0x0000000088700000|100%| O|  |TAMS 0x0000000088700000, 0x0000000088700000| Untracked 
| 135|0x0000000088700000, 0x0000000088800000, 0x0000000088800000|100%| O|  |TAMS 0x0000000088800000, 0x0000000088800000| Untracked 
| 136|0x0000000088800000, 0x0000000088900000, 0x0000000088900000|100%| O|  |TAMS 0x0000000088900000, 0x0000000088900000| Untracked 
| 137|0x0000000088900000, 0x0000000088a00000, 0x0000000088a00000|100%| O|  |TAMS 0x0000000088a00000, 0x0000000088a00000| Untracked 
| 138|0x0000000088a00000, 0x0000000088b00000, 0x0000000088b00000|100%| O|  |TAMS 0x0000000088b00000, 0x0000000088b00000| Untracked 
| 139|0x0000000088b00000, 0x0000000088c00000, 0x0000000088c00000|100%| O|  |TAMS 0x0000000088c00000, 0x0000000088c00000| Untracked 
| 140|0x0000000088c00000, 0x0000000088d00000, 0x0000000088d00000|100%| O|  |TAMS 0x0000000088d00000, 0x0000000088d00000| Untracked 
| 141|0x0000000088d00000, 0x0000000088e00000, 0x0000000088e00000|100%| O|  |TAMS 0x0000000088e00000, 0x0000000088e00000| Untracked 
| 142|0x0000000088e00000, 0x0000000088f00000, 0x0000000088f00000|100%| O|  |TAMS 0x0000000088f00000, 0x0000000088f00000| Untracked 
| 143|0x0000000088f00000, 0x0000000089000000, 0x0000000089000000|100%| O|  |TAMS 0x0000000089000000, 0x0000000089000000| Untracked 
| 144|0x0000000089000000, 0x0000000089100000, 0x0000000089100000|100%| O|  |TAMS 0x0000000089100000, 0x0000000089100000| Untracked 
| 145|0x0000000089100000, 0x0000000089200000, 0x0000000089200000|100%| O|  |TAMS 0x0000000089200000, 0x0000000089200000| Untracked 
| 146|0x0000000089200000, 0x0000000089300000, 0x0000000089300000|100%| O|  |TAMS 0x0000000089300000, 0x0000000089300000| Untracked 
| 147|0x0000000089300000, 0x0000000089400000, 0x0000000089400000|100%| O|  |TAMS 0x00000000893f1a00, 0x0000000089400000| Untracked 
| 148|0x0000000089400000, 0x0000000089500000, 0x0000000089500000|100%| O|  |TAMS 0x0000000089400000, 0x0000000089500000| Untracked 
| 149|0x0000000089500000, 0x0000000089600000, 0x0000000089600000|100%| O|  |TAMS 0x0000000089500000, 0x0000000089600000| Untracked 
| 150|0x0000000089600000, 0x0000000089700000, 0x0000000089700000|100%| O|  |TAMS 0x0000000089600000, 0x0000000089700000| Untracked 
| 151|0x0000000089700000, 0x0000000089800000, 0x0000000089800000|100%| O|  |TAMS 0x0000000089700000, 0x0000000089800000| Untracked 
| 152|0x0000000089800000, 0x0000000089900000, 0x0000000089900000|100%| O|  |TAMS 0x0000000089800000, 0x0000000089900000| Untracked 
| 153|0x0000000089900000, 0x0000000089a00000, 0x0000000089a00000|100%| O|  |TAMS 0x0000000089900000, 0x0000000089a00000| Untracked 
| 154|0x0000000089a00000, 0x0000000089b00000, 0x0000000089b00000|100%| O|  |TAMS 0x0000000089a00000, 0x0000000089b00000| Untracked 
| 155|0x0000000089b00000, 0x0000000089c00000, 0x0000000089c00000|100%| O|  |TAMS 0x0000000089b00000, 0x0000000089c00000| Untracked 
| 156|0x0000000089c00000, 0x0000000089d00000, 0x0000000089d00000|100%| O|  |TAMS 0x0000000089c00000, 0x0000000089d00000| Untracked 
| 157|0x0000000089d00000, 0x0000000089e00000, 0x0000000089e00000|100%| O|  |TAMS 0x0000000089d00000, 0x0000000089e00000| Untracked 
| 158|0x0000000089e00000, 0x0000000089f00000, 0x0000000089f00000|100%| O|  |TAMS 0x0000000089e00000, 0x0000000089f00000| Untracked 
| 159|0x0000000089f00000, 0x000000008a000000, 0x000000008a000000|100%| O|  |TAMS 0x0000000089f00000, 0x000000008a000000| Untracked 
| 160|0x000000008a000000, 0x000000008a100000, 0x000000008a100000|100%| O|  |TAMS 0x000000008a000000, 0x000000008a100000| Untracked 
| 161|0x000000008a100000, 0x000000008a200000, 0x000000008a200000|100%| O|  |TAMS 0x000000008a100000, 0x000000008a200000| Untracked 
| 162|0x000000008a200000, 0x000000008a200000, 0x000000008a300000|  0%| F|  |TAMS 0x000000008a200000, 0x000000008a200000| Untracked 
| 163|0x000000008a300000, 0x000000008a300000, 0x000000008a400000|  0%| F|  |TAMS 0x000000008a300000, 0x000000008a300000| Untracked 
| 164|0x000000008a400000, 0x000000008a400000, 0x000000008a500000|  0%| F|  |TAMS 0x000000008a400000, 0x000000008a400000| Untracked 
| 165|0x000000008a500000, 0x000000008a500000, 0x000000008a600000|  0%| F|  |TAMS 0x000000008a500000, 0x000000008a500000| Untracked 
| 166|0x000000008a600000, 0x000000008a600000, 0x000000008a700000|  0%| F|  |TAMS 0x000000008a600000, 0x000000008a600000| Untracked 
| 167|0x000000008a700000, 0x000000008a700000, 0x000000008a800000|  0%| F|  |TAMS 0x000000008a700000, 0x000000008a700000| Untracked 
| 168|0x000000008a800000, 0x000000008a800000, 0x000000008a900000|  0%| F|  |TAMS 0x000000008a800000, 0x000000008a800000| Untracked 
| 169|0x000000008a900000, 0x000000008a900000, 0x000000008aa00000|  0%| F|  |TAMS 0x000000008a900000, 0x000000008a900000| Untracked 
| 170|0x000000008aa00000, 0x000000008aa00000, 0x000000008ab00000|  0%| F|  |TAMS 0x000000008aa00000, 0x000000008aa00000| Untracked 
| 171|0x000000008ab00000, 0x000000008ab00000, 0x000000008ac00000|  0%| F|  |TAMS 0x000000008ab00000, 0x000000008ab00000| Untracked 
| 172|0x000000008ac00000, 0x000000008ac00000, 0x000000008ad00000|  0%| F|  |TAMS 0x000000008ac00000, 0x000000008ac00000| Untracked 
| 173|0x000000008ad00000, 0x000000008ad00000, 0x000000008ae00000|  0%| F|  |TAMS 0x000000008ad00000, 0x000000008ad00000| Untracked 
| 174|0x000000008ae00000, 0x000000008ae00000, 0x000000008af00000|  0%| F|  |TAMS 0x000000008ae00000, 0x000000008ae00000| Untracked 
| 175|0x000000008af00000, 0x000000008af00000, 0x000000008b000000|  0%| F|  |TAMS 0x000000008af00000, 0x000000008af00000| Untracked 
| 176|0x000000008b000000, 0x000000008b000000, 0x000000008b100000|  0%| F|  |TAMS 0x000000008b000000, 0x000000008b000000| Untracked 
| 177|0x000000008b100000, 0x000000008b100000, 0x000000008b200000|  0%| F|  |TAMS 0x000000008b100000, 0x000000008b100000| Untracked 
| 178|0x000000008b200000, 0x000000008b200000, 0x000000008b300000|  0%| F|  |TAMS 0x000000008b200000, 0x000000008b200000| Untracked 
| 179|0x000000008b300000, 0x000000008b300000, 0x000000008b400000|  0%| F|  |TAMS 0x000000008b300000, 0x000000008b300000| Untracked 
| 180|0x000000008b400000, 0x000000008b400000, 0x000000008b500000|  0%| F|  |TAMS 0x000000008b400000, 0x000000008b400000| Untracked 
| 181|0x000000008b500000, 0x000000008b500000, 0x000000008b600000|  0%| F|  |TAMS 0x000000008b500000, 0x000000008b500000| Untracked 
| 182|0x000000008b600000, 0x000000008b600000, 0x000000008b700000|  0%| F|  |TAMS 0x000000008b600000, 0x000000008b600000| Untracked 
| 183|0x000000008b700000, 0x000000008b700000, 0x000000008b800000|  0%| F|  |TAMS 0x000000008b700000, 0x000000008b700000| Untracked 
| 184|0x000000008b800000, 0x000000008b800000, 0x000000008b900000|  0%| F|  |TAMS 0x000000008b800000, 0x000000008b800000| Untracked 
| 185|0x000000008b900000, 0x000000008b900000, 0x000000008ba00000|  0%| F|  |TAMS 0x000000008b900000, 0x000000008b900000| Untracked 
| 186|0x000000008ba00000, 0x000000008ba00000, 0x000000008bb00000|  0%| F|  |TAMS 0x000000008ba00000, 0x000000008ba00000| Untracked 
| 187|0x000000008bb00000, 0x000000008bb00000, 0x000000008bc00000|  0%| F|  |TAMS 0x000000008bb00000, 0x000000008bb00000| Untracked 
| 188|0x000000008bc00000, 0x000000008bc00000, 0x000000008bd00000|  0%| F|  |TAMS 0x000000008bc00000, 0x000000008bc00000| Untracked 
| 189|0x000000008bd00000, 0x000000008bd00000, 0x000000008be00000|  0%| F|  |TAMS 0x000000008bd00000, 0x000000008bd00000| Untracked 
| 190|0x000000008be00000, 0x000000008be00000, 0x000000008bf00000|  0%| F|  |TAMS 0x000000008be00000, 0x000000008be00000| Untracked 
| 191|0x000000008bf00000, 0x000000008bf00000, 0x000000008c000000|  0%| F|  |TAMS 0x000000008bf00000, 0x000000008bf00000| Untracked 
| 192|0x000000008c000000, 0x000000008c000000, 0x000000008c100000|  0%| F|  |TAMS 0x000000008c000000, 0x000000008c000000| Untracked 
| 193|0x000000008c100000, 0x000000008c100000, 0x000000008c200000|  0%| F|  |TAMS 0x000000008c100000, 0x000000008c100000| Untracked 
| 194|0x000000008c200000, 0x000000008c200000, 0x000000008c300000|  0%| F|  |TAMS 0x000000008c200000, 0x000000008c200000| Untracked 
| 195|0x000000008c300000, 0x000000008c300000, 0x000000008c400000|  0%| F|  |TAMS 0x000000008c300000, 0x000000008c300000| Untracked 
| 196|0x000000008c400000, 0x000000008c400000, 0x000000008c500000|  0%| F|  |TAMS 0x000000008c400000, 0x000000008c400000| Untracked 
| 197|0x000000008c500000, 0x000000008c500000, 0x000000008c600000|  0%| F|  |TAMS 0x000000008c500000, 0x000000008c500000| Untracked 
| 198|0x000000008c600000, 0x000000008c600000, 0x000000008c700000|  0%| F|  |TAMS 0x000000008c600000, 0x000000008c600000| Untracked 
| 199|0x000000008c700000, 0x000000008c700000, 0x000000008c800000|  0%| F|  |TAMS 0x000000008c700000, 0x000000008c700000| Untracked 
| 200|0x000000008c800000, 0x000000008c800000, 0x000000008c900000|  0%| F|  |TAMS 0x000000008c800000, 0x000000008c800000| Untracked 
| 201|0x000000008c900000, 0x000000008c900000, 0x000000008ca00000|  0%| F|  |TAMS 0x000000008c900000, 0x000000008c900000| Untracked 
| 202|0x000000008ca00000, 0x000000008ca00000, 0x000000008cb00000|  0%| F|  |TAMS 0x000000008ca00000, 0x000000008ca00000| Untracked 
| 203|0x000000008cb00000, 0x000000008cb00000, 0x000000008cc00000|  0%| F|  |TAMS 0x000000008cb00000, 0x000000008cb00000| Untracked 
| 204|0x000000008cc00000, 0x000000008cc00000, 0x000000008cd00000|  0%| F|  |TAMS 0x000000008cc00000, 0x000000008cc00000| Untracked 
| 205|0x000000008cd00000, 0x000000008cd00000, 0x000000008ce00000|  0%| F|  |TAMS 0x000000008cd00000, 0x000000008cd00000| Untracked 
| 206|0x000000008ce00000, 0x000000008ce00000, 0x000000008cf00000|  0%| F|  |TAMS 0x000000008ce00000, 0x000000008ce00000| Untracked 
| 207|0x000000008cf00000, 0x000000008cf00000, 0x000000008d000000|  0%| F|  |TAMS 0x000000008cf00000, 0x000000008cf00000| Untracked 
| 208|0x000000008d000000, 0x000000008d000000, 0x000000008d100000|  0%| F|  |TAMS 0x000000008d000000, 0x000000008d000000| Untracked 
| 209|0x000000008d100000, 0x000000008d100000, 0x000000008d200000|  0%| F|  |TAMS 0x000000008d100000, 0x000000008d100000| Untracked 
| 210|0x000000008d200000, 0x000000008d200000, 0x000000008d300000|  0%| F|  |TAMS 0x000000008d200000, 0x000000008d200000| Untracked 
| 211|0x000000008d300000, 0x000000008d300000, 0x000000008d400000|  0%| F|  |TAMS 0x000000008d300000, 0x000000008d300000| Untracked 
| 212|0x000000008d400000, 0x000000008d400000, 0x000000008d500000|  0%| F|  |TAMS 0x000000008d400000, 0x000000008d400000| Untracked 
| 213|0x000000008d500000, 0x000000008d500000, 0x000000008d600000|  0%| F|  |TAMS 0x000000008d500000, 0x000000008d500000| Untracked 
| 214|0x000000008d600000, 0x000000008d600000, 0x000000008d700000|  0%| F|  |TAMS 0x000000008d600000, 0x000000008d600000| Untracked 
| 215|0x000000008d700000, 0x000000008d700000, 0x000000008d800000|  0%| F|  |TAMS 0x000000008d700000, 0x000000008d700000| Untracked 
| 216|0x000000008d800000, 0x000000008d800000, 0x000000008d900000|  0%| F|  |TAMS 0x000000008d800000, 0x000000008d800000| Untracked 
| 217|0x000000008d900000, 0x000000008d900000, 0x000000008da00000|  0%| F|  |TAMS 0x000000008d900000, 0x000000008d900000| Untracked 
| 218|0x000000008da00000, 0x000000008da00000, 0x000000008db00000|  0%| F|  |TAMS 0x000000008da00000, 0x000000008da00000| Untracked 
| 219|0x000000008db00000, 0x000000008db00000, 0x000000008dc00000|  0%| F|  |TAMS 0x000000008db00000, 0x000000008db00000| Untracked 
| 220|0x000000008dc00000, 0x000000008dc00000, 0x000000008dd00000|  0%| F|  |TAMS 0x000000008dc00000, 0x000000008dc00000| Untracked 
| 221|0x000000008dd00000, 0x000000008dd00000, 0x000000008de00000|  0%| F|  |TAMS 0x000000008dd00000, 0x000000008dd00000| Untracked 
| 222|0x000000008de00000, 0x000000008de00000, 0x000000008df00000|  0%| F|  |TAMS 0x000000008de00000, 0x000000008de00000| Untracked 
| 223|0x000000008df00000, 0x000000008df00000, 0x000000008e000000|  0%| F|  |TAMS 0x000000008df00000, 0x000000008df00000| Untracked 
| 224|0x000000008e000000, 0x000000008e000000, 0x000000008e100000|  0%| F|  |TAMS 0x000000008e000000, 0x000000008e000000| Untracked 
| 225|0x000000008e100000, 0x000000008e100000, 0x000000008e200000|  0%| F|  |TAMS 0x000000008e100000, 0x000000008e100000| Untracked 
| 226|0x000000008e200000, 0x000000008e200000, 0x000000008e300000|  0%| F|  |TAMS 0x000000008e200000, 0x000000008e200000| Untracked 
| 227|0x000000008e300000, 0x000000008e300000, 0x000000008e400000|  0%| F|  |TAMS 0x000000008e300000, 0x000000008e300000| Untracked 
| 228|0x000000008e400000, 0x000000008e400000, 0x000000008e500000|  0%| F|  |TAMS 0x000000008e400000, 0x000000008e400000| Untracked 
| 229|0x000000008e500000, 0x000000008e500000, 0x000000008e600000|  0%| F|  |TAMS 0x000000008e500000, 0x000000008e500000| Untracked 
| 230|0x000000008e600000, 0x000000008e600000, 0x000000008e700000|  0%| F|  |TAMS 0x000000008e600000, 0x000000008e600000| Untracked 
| 231|0x000000008e700000, 0x000000008e700000, 0x000000008e800000|  0%| F|  |TAMS 0x000000008e700000, 0x000000008e700000| Untracked 
| 232|0x000000008e800000, 0x000000008e800000, 0x000000008e900000|  0%| F|  |TAMS 0x000000008e800000, 0x000000008e800000| Untracked 
| 233|0x000000008e900000, 0x000000008e900000, 0x000000008ea00000|  0%| F|  |TAMS 0x000000008e900000, 0x000000008e900000| Untracked 
| 234|0x000000008ea00000, 0x000000008ea00000, 0x000000008eb00000|  0%| F|  |TAMS 0x000000008ea00000, 0x000000008ea00000| Untracked 
| 235|0x000000008eb00000, 0x000000008eb00000, 0x000000008ec00000|  0%| F|  |TAMS 0x000000008eb00000, 0x000000008eb00000| Untracked 
| 236|0x000000008ec00000, 0x000000008ec00000, 0x000000008ed00000|  0%| F|  |TAMS 0x000000008ec00000, 0x000000008ec00000| Untracked 
| 237|0x000000008ed00000, 0x000000008ed00000, 0x000000008ee00000|  0%| F|  |TAMS 0x000000008ed00000, 0x000000008ed00000| Untracked 
| 238|0x000000008ee00000, 0x000000008ee00000, 0x000000008ef00000|  0%| F|  |TAMS 0x000000008ee00000, 0x000000008ee00000| Untracked 
| 239|0x000000008ef00000, 0x000000008ef00000, 0x000000008f000000|  0%| F|  |TAMS 0x000000008ef00000, 0x000000008ef00000| Untracked 
| 240|0x000000008f000000, 0x000000008f000000, 0x000000008f100000|  0%| F|  |TAMS 0x000000008f000000, 0x000000008f000000| Untracked 
| 241|0x000000008f100000, 0x000000008f100000, 0x000000008f200000|  0%| F|  |TAMS 0x000000008f100000, 0x000000008f100000| Untracked 
| 242|0x000000008f200000, 0x000000008f300000, 0x000000008f300000|100%| S|CS|TAMS 0x000000008f200000, 0x000000008f200000| Complete 
| 243|0x000000008f300000, 0x000000008f400000, 0x000000008f400000|100%| S|CS|TAMS 0x000000008f300000, 0x000000008f300000| Complete 
| 244|0x000000008f400000, 0x000000008f500000, 0x000000008f500000|100%| S|CS|TAMS 0x000000008f400000, 0x000000008f400000| Complete 
| 245|0x000000008f500000, 0x000000008f600000, 0x000000008f600000|100%| S|CS|TAMS 0x000000008f500000, 0x000000008f500000| Complete 
| 246|0x000000008f600000, 0x000000008f700000, 0x000000008f700000|100%| S|CS|TAMS 0x000000008f600000, 0x000000008f600000| Complete 
| 247|0x000000008f700000, 0x000000008f800000, 0x000000008f800000|100%| S|CS|TAMS 0x000000008f700000, 0x000000008f700000| Complete 
| 248|0x000000008f800000, 0x000000008f900000, 0x000000008f900000|100%| S|CS|TAMS 0x000000008f800000, 0x000000008f800000| Complete 
| 249|0x000000008f900000, 0x000000008fa00000, 0x000000008fa00000|100%| S|CS|TAMS 0x000000008f900000, 0x000000008f900000| Complete 
| 250|0x000000008fa00000, 0x000000008fb00000, 0x000000008fb00000|100%| S|CS|TAMS 0x000000008fa00000, 0x000000008fa00000| Complete 
| 251|0x000000008fb00000, 0x000000008fc00000, 0x000000008fc00000|100%| S|CS|TAMS 0x000000008fb00000, 0x000000008fb00000| Complete 
| 252|0x000000008fc00000, 0x000000008fd00000, 0x000000008fd00000|100%| S|CS|TAMS 0x000000008fc00000, 0x000000008fc00000| Complete 
| 253|0x000000008fd00000, 0x000000008fe00000, 0x000000008fe00000|100%| S|CS|TAMS 0x000000008fd00000, 0x000000008fd00000| Complete 
| 254|0x000000008fe00000, 0x000000008ff00000, 0x000000008ff00000|100%| S|CS|TAMS 0x000000008fe00000, 0x000000008fe00000| Complete 
| 255|0x000000008ff00000, 0x0000000090000000, 0x0000000090000000|100%| S|CS|TAMS 0x000000008ff00000, 0x000000008ff00000| Complete 
| 256|0x0000000090000000, 0x0000000090000000, 0x0000000090100000|  0%| F|  |TAMS 0x0000000090000000, 0x0000000090000000| Untracked 
| 257|0x0000000090100000, 0x0000000090100000, 0x0000000090200000|  0%| F|  |TAMS 0x0000000090100000, 0x0000000090100000| Untracked 
| 258|0x0000000090200000, 0x0000000090200000, 0x0000000090300000|  0%| F|  |TAMS 0x0000000090200000, 0x0000000090200000| Untracked 
| 259|0x0000000090300000, 0x0000000090300000, 0x0000000090400000|  0%| F|  |TAMS 0x0000000090300000, 0x0000000090300000| Untracked 
| 260|0x0000000090400000, 0x0000000090400000, 0x0000000090500000|  0%| F|  |TAMS 0x0000000090400000, 0x0000000090400000| Untracked 
| 261|0x0000000090500000, 0x0000000090500000, 0x0000000090600000|  0%| F|  |TAMS 0x0000000090500000, 0x0000000090500000| Untracked 
| 262|0x0000000090600000, 0x0000000090600000, 0x0000000090700000|  0%| F|  |TAMS 0x0000000090600000, 0x0000000090600000| Untracked 
| 263|0x0000000090700000, 0x0000000090700000, 0x0000000090800000|  0%| F|  |TAMS 0x0000000090700000, 0x0000000090700000| Untracked 
| 264|0x0000000090800000, 0x0000000090800000, 0x0000000090900000|  0%| F|  |TAMS 0x0000000090800000, 0x0000000090800000| Untracked 
| 265|0x0000000090900000, 0x0000000090900000, 0x0000000090a00000|  0%| F|  |TAMS 0x0000000090900000, 0x0000000090900000| Untracked 
| 266|0x0000000090a00000, 0x0000000090a00000, 0x0000000090b00000|  0%| F|  |TAMS 0x0000000090a00000, 0x0000000090a00000| Untracked 
| 267|0x0000000090b00000, 0x0000000090b00000, 0x0000000090c00000|  0%| F|  |TAMS 0x0000000090b00000, 0x0000000090b00000| Untracked 
| 268|0x0000000090c00000, 0x0000000090c00000, 0x0000000090d00000|  0%| F|  |TAMS 0x0000000090c00000, 0x0000000090c00000| Untracked 
| 269|0x0000000090d00000, 0x0000000090d00000, 0x0000000090e00000|  0%| F|  |TAMS 0x0000000090d00000, 0x0000000090d00000| Untracked 
| 270|0x0000000090e00000, 0x0000000090e00000, 0x0000000090f00000|  0%| F|  |TAMS 0x0000000090e00000, 0x0000000090e00000| Untracked 
| 271|0x0000000090f00000, 0x0000000090f00000, 0x0000000091000000|  0%| F|  |TAMS 0x0000000090f00000, 0x0000000090f00000| Untracked 
| 272|0x0000000091000000, 0x0000000091000000, 0x0000000091100000|  0%| F|  |TAMS 0x0000000091000000, 0x0000000091000000| Untracked 
| 273|0x0000000091100000, 0x0000000091100000, 0x0000000091200000|  0%| F|  |TAMS 0x0000000091100000, 0x0000000091100000| Untracked 
| 274|0x0000000091200000, 0x0000000091200000, 0x0000000091300000|  0%| F|  |TAMS 0x0000000091200000, 0x0000000091200000| Untracked 
| 275|0x0000000091300000, 0x0000000091300000, 0x0000000091400000|  0%| F|  |TAMS 0x0000000091300000, 0x0000000091300000| Untracked 
| 276|0x0000000091400000, 0x0000000091400000, 0x0000000091500000|  0%| F|  |TAMS 0x0000000091400000, 0x0000000091400000| Untracked 
| 277|0x0000000091500000, 0x0000000091500000, 0x0000000091600000|  0%| F|  |TAMS 0x0000000091500000, 0x0000000091500000| Untracked 
| 278|0x0000000091600000, 0x0000000091600000, 0x0000000091700000|  0%| F|  |TAMS 0x0000000091600000, 0x0000000091600000| Untracked 
| 279|0x0000000091700000, 0x0000000091700000, 0x0000000091800000|  0%| F|  |TAMS 0x0000000091700000, 0x0000000091700000| Untracked 
| 280|0x0000000091800000, 0x0000000091800000, 0x0000000091900000|  0%| F|  |TAMS 0x0000000091800000, 0x0000000091800000| Untracked 
| 281|0x0000000091900000, 0x0000000091900000, 0x0000000091a00000|  0%| F|  |TAMS 0x0000000091900000, 0x0000000091900000| Untracked 
| 282|0x0000000091a00000, 0x0000000091a00000, 0x0000000091b00000|  0%| F|  |TAMS 0x0000000091a00000, 0x0000000091a00000| Untracked 
| 283|0x0000000091b00000, 0x0000000091b00000, 0x0000000091c00000|  0%| F|  |TAMS 0x0000000091b00000, 0x0000000091b00000| Untracked 
| 284|0x0000000091c00000, 0x0000000091c00000, 0x0000000091d00000|  0%| F|  |TAMS 0x0000000091c00000, 0x0000000091c00000| Untracked 
| 285|0x0000000091d00000, 0x0000000091d00000, 0x0000000091e00000|  0%| F|  |TAMS 0x0000000091d00000, 0x0000000091d00000| Untracked 
| 286|0x0000000091e00000, 0x0000000091e00000, 0x0000000091f00000|  0%| F|  |TAMS 0x0000000091e00000, 0x0000000091e00000| Untracked 
| 287|0x0000000091f00000, 0x0000000091f00000, 0x0000000092000000|  0%| F|  |TAMS 0x0000000091f00000, 0x0000000091f00000| Untracked 
| 288|0x0000000092000000, 0x0000000092000000, 0x0000000092100000|  0%| F|  |TAMS 0x0000000092000000, 0x0000000092000000| Untracked 
| 289|0x0000000092100000, 0x0000000092100000, 0x0000000092200000|  0%| F|  |TAMS 0x0000000092100000, 0x0000000092100000| Untracked 
| 290|0x0000000092200000, 0x0000000092200000, 0x0000000092300000|  0%| F|  |TAMS 0x0000000092200000, 0x0000000092200000| Untracked 
| 291|0x0000000092300000, 0x0000000092300000, 0x0000000092400000|  0%| F|  |TAMS 0x0000000092300000, 0x0000000092300000| Untracked 
| 292|0x0000000092400000, 0x0000000092400000, 0x0000000092500000|  0%| F|  |TAMS 0x0000000092400000, 0x0000000092400000| Untracked 
| 293|0x0000000092500000, 0x0000000092500000, 0x0000000092600000|  0%| F|  |TAMS 0x0000000092500000, 0x0000000092500000| Untracked 
| 294|0x0000000092600000, 0x0000000092600000, 0x0000000092700000|  0%| F|  |TAMS 0x0000000092600000, 0x0000000092600000| Untracked 
| 295|0x0000000092700000, 0x0000000092700000, 0x0000000092800000|  0%| F|  |TAMS 0x0000000092700000, 0x0000000092700000| Untracked 
| 296|0x0000000092800000, 0x0000000092800000, 0x0000000092900000|  0%| F|  |TAMS 0x0000000092800000, 0x0000000092800000| Untracked 
| 297|0x0000000092900000, 0x0000000092900000, 0x0000000092a00000|  0%| F|  |TAMS 0x0000000092900000, 0x0000000092900000| Untracked 
| 298|0x0000000092a00000, 0x0000000092a00000, 0x0000000092b00000|  0%| F|  |TAMS 0x0000000092a00000, 0x0000000092a00000| Untracked 
| 299|0x0000000092b00000, 0x0000000092b00000, 0x0000000092c00000|  0%| F|  |TAMS 0x0000000092b00000, 0x0000000092b00000| Untracked 
| 300|0x0000000092c00000, 0x0000000092c00000, 0x0000000092d00000|  0%| F|  |TAMS 0x0000000092c00000, 0x0000000092c00000| Untracked 
| 301|0x0000000092d00000, 0x0000000092d00000, 0x0000000092e00000|  0%| F|  |TAMS 0x0000000092d00000, 0x0000000092d00000| Untracked 
| 302|0x0000000092e00000, 0x0000000092e00000, 0x0000000092f00000|  0%| F|  |TAMS 0x0000000092e00000, 0x0000000092e00000| Untracked 
| 303|0x0000000092f00000, 0x0000000092f00000, 0x0000000093000000|  0%| F|  |TAMS 0x0000000092f00000, 0x0000000092f00000| Untracked 
| 304|0x0000000093000000, 0x0000000093000000, 0x0000000093100000|  0%| F|  |TAMS 0x0000000093000000, 0x0000000093000000| Untracked 
| 305|0x0000000093100000, 0x0000000093100000, 0x0000000093200000|  0%| F|  |TAMS 0x0000000093100000, 0x0000000093100000| Untracked 
| 306|0x0000000093200000, 0x0000000093200000, 0x0000000093300000|  0%| F|  |TAMS 0x0000000093200000, 0x0000000093200000| Untracked 
| 307|0x0000000093300000, 0x0000000093300000, 0x0000000093400000|  0%| F|  |TAMS 0x0000000093300000, 0x0000000093300000| Untracked 
| 308|0x0000000093400000, 0x0000000093400000, 0x0000000093500000|  0%| F|  |TAMS 0x0000000093400000, 0x0000000093400000| Untracked 
| 309|0x0000000093500000, 0x0000000093500000, 0x0000000093600000|  0%| F|  |TAMS 0x0000000093500000, 0x0000000093500000| Untracked 
| 310|0x0000000093600000, 0x0000000093600000, 0x0000000093700000|  0%| F|  |TAMS 0x0000000093600000, 0x0000000093600000| Untracked 
| 311|0x0000000093700000, 0x0000000093700000, 0x0000000093800000|  0%| F|  |TAMS 0x0000000093700000, 0x0000000093700000| Untracked 
| 312|0x0000000093800000, 0x0000000093800000, 0x0000000093900000|  0%| F|  |TAMS 0x0000000093800000, 0x0000000093800000| Untracked 
| 313|0x0000000093900000, 0x0000000093900000, 0x0000000093a00000|  0%| F|  |TAMS 0x0000000093900000, 0x0000000093900000| Untracked 
| 314|0x0000000093a00000, 0x0000000093a00000, 0x0000000093b00000|  0%| F|  |TAMS 0x0000000093a00000, 0x0000000093a00000| Untracked 
| 315|0x0000000093b00000, 0x0000000093b00000, 0x0000000093c00000|  0%| F|  |TAMS 0x0000000093b00000, 0x0000000093b00000| Untracked 
| 316|0x0000000093c00000, 0x0000000093c00000, 0x0000000093d00000|  0%| F|  |TAMS 0x0000000093c00000, 0x0000000093c00000| Untracked 
| 317|0x0000000093d00000, 0x0000000093d00000, 0x0000000093e00000|  0%| F|  |TAMS 0x0000000093d00000, 0x0000000093d00000| Untracked 
| 318|0x0000000093e00000, 0x0000000093e00000, 0x0000000093f00000|  0%| F|  |TAMS 0x0000000093e00000, 0x0000000093e00000| Untracked 
| 319|0x0000000093f00000, 0x0000000093f00000, 0x0000000094000000|  0%| F|  |TAMS 0x0000000093f00000, 0x0000000093f00000| Untracked 
| 320|0x0000000094000000, 0x0000000094000000, 0x0000000094100000|  0%| F|  |TAMS 0x0000000094000000, 0x0000000094000000| Untracked 
| 321|0x0000000094100000, 0x0000000094100000, 0x0000000094200000|  0%| F|  |TAMS 0x0000000094100000, 0x0000000094100000| Untracked 
| 322|0x0000000094200000, 0x0000000094200000, 0x0000000094300000|  0%| F|  |TAMS 0x0000000094200000, 0x0000000094200000| Untracked 
| 323|0x0000000094300000, 0x0000000094300000, 0x0000000094400000|  0%| F|  |TAMS 0x0000000094300000, 0x0000000094300000| Untracked 
| 324|0x0000000094400000, 0x0000000094400000, 0x0000000094500000|  0%| F|  |TAMS 0x0000000094400000, 0x0000000094400000| Untracked 
| 325|0x0000000094500000, 0x0000000094500000, 0x0000000094600000|  0%| F|  |TAMS 0x0000000094500000, 0x0000000094500000| Untracked 
| 326|0x0000000094600000, 0x0000000094600000, 0x0000000094700000|  0%| F|  |TAMS 0x0000000094600000, 0x0000000094600000| Untracked 
| 327|0x0000000094700000, 0x0000000094700000, 0x0000000094800000|  0%| F|  |TAMS 0x0000000094700000, 0x0000000094700000| Untracked 
| 328|0x0000000094800000, 0x0000000094800000, 0x0000000094900000|  0%| F|  |TAMS 0x0000000094800000, 0x0000000094800000| Untracked 
| 329|0x0000000094900000, 0x0000000094900000, 0x0000000094a00000|  0%| F|  |TAMS 0x0000000094900000, 0x0000000094900000| Untracked 
| 330|0x0000000094a00000, 0x0000000094a00000, 0x0000000094b00000|  0%| F|  |TAMS 0x0000000094a00000, 0x0000000094a00000| Untracked 
| 331|0x0000000094b00000, 0x0000000094b00000, 0x0000000094c00000|  0%| F|  |TAMS 0x0000000094b00000, 0x0000000094b00000| Untracked 
| 332|0x0000000094c00000, 0x0000000094c00000, 0x0000000094d00000|  0%| F|  |TAMS 0x0000000094c00000, 0x0000000094c00000| Untracked 
| 333|0x0000000094d00000, 0x0000000094d00000, 0x0000000094e00000|  0%| F|  |TAMS 0x0000000094d00000, 0x0000000094d00000| Untracked 
| 334|0x0000000094e00000, 0x0000000094e00000, 0x0000000094f00000|  0%| F|  |TAMS 0x0000000094e00000, 0x0000000094e00000| Untracked 
| 335|0x0000000094f00000, 0x0000000094f00000, 0x0000000095000000|  0%| F|  |TAMS 0x0000000094f00000, 0x0000000094f00000| Untracked 
| 336|0x0000000095000000, 0x0000000095000000, 0x0000000095100000|  0%| F|  |TAMS 0x0000000095000000, 0x0000000095000000| Untracked 
| 337|0x0000000095100000, 0x0000000095100000, 0x0000000095200000|  0%| F|  |TAMS 0x0000000095100000, 0x0000000095100000| Untracked 
| 338|0x0000000095200000, 0x0000000095200000, 0x0000000095300000|  0%| F|  |TAMS 0x0000000095200000, 0x0000000095200000| Untracked 
| 339|0x0000000095300000, 0x0000000095300000, 0x0000000095400000|  0%| F|  |TAMS 0x0000000095300000, 0x0000000095300000| Untracked 
| 340|0x0000000095400000, 0x0000000095400000, 0x0000000095500000|  0%| F|  |TAMS 0x0000000095400000, 0x0000000095400000| Untracked 
| 341|0x0000000095500000, 0x0000000095500000, 0x0000000095600000|  0%| F|  |TAMS 0x0000000095500000, 0x0000000095500000| Untracked 
| 342|0x0000000095600000, 0x0000000095600000, 0x0000000095700000|  0%| F|  |TAMS 0x0000000095600000, 0x0000000095600000| Untracked 
| 343|0x0000000095700000, 0x0000000095700000, 0x0000000095800000|  0%| F|  |TAMS 0x0000000095700000, 0x0000000095700000| Untracked 
| 344|0x0000000095800000, 0x0000000095800000, 0x0000000095900000|  0%| F|  |TAMS 0x0000000095800000, 0x0000000095800000| Untracked 
| 345|0x0000000095900000, 0x0000000095900000, 0x0000000095a00000|  0%| F|  |TAMS 0x0000000095900000, 0x0000000095900000| Untracked 
| 346|0x0000000095a00000, 0x0000000095a00000, 0x0000000095b00000|  0%| F|  |TAMS 0x0000000095a00000, 0x0000000095a00000| Untracked 
| 347|0x0000000095b00000, 0x0000000095b00000, 0x0000000095c00000|  0%| F|  |TAMS 0x0000000095b00000, 0x0000000095b00000| Untracked 
| 348|0x0000000095c00000, 0x0000000095c00000, 0x0000000095d00000|  0%| F|  |TAMS 0x0000000095c00000, 0x0000000095c00000| Untracked 
| 349|0x0000000095d00000, 0x0000000095d00000, 0x0000000095e00000|  0%| F|  |TAMS 0x0000000095d00000, 0x0000000095d00000| Untracked 
| 350|0x0000000095e00000, 0x0000000095e00000, 0x0000000095f00000|  0%| F|  |TAMS 0x0000000095e00000, 0x0000000095e00000| Untracked 
| 351|0x0000000095f00000, 0x0000000095f00000, 0x0000000096000000|  0%| F|  |TAMS 0x0000000095f00000, 0x0000000095f00000| Untracked 
| 352|0x0000000096000000, 0x0000000096000000, 0x0000000096100000|  0%| F|  |TAMS 0x0000000096000000, 0x0000000096000000| Untracked 
| 353|0x0000000096100000, 0x0000000096100000, 0x0000000096200000|  0%| F|  |TAMS 0x0000000096100000, 0x0000000096100000| Untracked 
| 354|0x0000000096200000, 0x0000000096200000, 0x0000000096300000|  0%| F|  |TAMS 0x0000000096200000, 0x0000000096200000| Untracked 
| 355|0x0000000096300000, 0x0000000096300000, 0x0000000096400000|  0%| F|  |TAMS 0x0000000096300000, 0x0000000096300000| Untracked 
| 356|0x0000000096400000, 0x0000000096400000, 0x0000000096500000|  0%| F|  |TAMS 0x0000000096400000, 0x0000000096400000| Untracked 
| 357|0x0000000096500000, 0x0000000096500000, 0x0000000096600000|  0%| F|  |TAMS 0x0000000096500000, 0x0000000096500000| Untracked 
| 358|0x0000000096600000, 0x0000000096600000, 0x0000000096700000|  0%| F|  |TAMS 0x0000000096600000, 0x0000000096600000| Untracked 
| 359|0x0000000096700000, 0x0000000096700000, 0x0000000096800000|  0%| F|  |TAMS 0x0000000096700000, 0x0000000096700000| Untracked 
| 360|0x0000000096800000, 0x0000000096800000, 0x0000000096900000|  0%| F|  |TAMS 0x0000000096800000, 0x0000000096800000| Untracked 
| 361|0x0000000096900000, 0x0000000096900000, 0x0000000096a00000|  0%| F|  |TAMS 0x0000000096900000, 0x0000000096900000| Untracked 
| 362|0x0000000096a00000, 0x0000000096a00000, 0x0000000096b00000|  0%| F|  |TAMS 0x0000000096a00000, 0x0000000096a00000| Untracked 
| 363|0x0000000096b00000, 0x0000000096b00000, 0x0000000096c00000|  0%| F|  |TAMS 0x0000000096b00000, 0x0000000096b00000| Untracked 
| 364|0x0000000096c00000, 0x0000000096c00000, 0x0000000096d00000|  0%| F|  |TAMS 0x0000000096c00000, 0x0000000096c00000| Untracked 
| 365|0x0000000096d00000, 0x0000000096d00000, 0x0000000096e00000|  0%| F|  |TAMS 0x0000000096d00000, 0x0000000096d00000| Untracked 
| 366|0x0000000096e00000, 0x0000000096e00000, 0x0000000096f00000|  0%| F|  |TAMS 0x0000000096e00000, 0x0000000096e00000| Untracked 
| 367|0x0000000096f00000, 0x0000000096f00000, 0x0000000097000000|  0%| F|  |TAMS 0x0000000096f00000, 0x0000000096f00000| Untracked 
| 368|0x0000000097000000, 0x0000000097000000, 0x0000000097100000|  0%| F|  |TAMS 0x0000000097000000, 0x0000000097000000| Untracked 
| 369|0x0000000097100000, 0x0000000097100000, 0x0000000097200000|  0%| F|  |TAMS 0x0000000097100000, 0x0000000097100000| Untracked 
| 370|0x0000000097200000, 0x0000000097200000, 0x0000000097300000|  0%| F|  |TAMS 0x0000000097200000, 0x0000000097200000| Untracked 
| 371|0x0000000097300000, 0x0000000097300000, 0x0000000097400000|  0%| F|  |TAMS 0x0000000097300000, 0x0000000097300000| Untracked 
| 372|0x0000000097400000, 0x0000000097400000, 0x0000000097500000|  0%| F|  |TAMS 0x0000000097400000, 0x0000000097400000| Untracked 
| 373|0x0000000097500000, 0x0000000097500000, 0x0000000097600000|  0%| F|  |TAMS 0x0000000097500000, 0x0000000097500000| Untracked 
| 374|0x0000000097600000, 0x0000000097600000, 0x0000000097700000|  0%| F|  |TAMS 0x0000000097600000, 0x0000000097600000| Untracked 
| 375|0x0000000097700000, 0x0000000097700000, 0x0000000097800000|  0%| F|  |TAMS 0x0000000097700000, 0x0000000097700000| Untracked 
| 376|0x0000000097800000, 0x0000000097800000, 0x0000000097900000|  0%| F|  |TAMS 0x0000000097800000, 0x0000000097800000| Untracked 
| 377|0x0000000097900000, 0x0000000097900000, 0x0000000097a00000|  0%| F|  |TAMS 0x0000000097900000, 0x0000000097900000| Untracked 
| 378|0x0000000097a00000, 0x0000000097a00000, 0x0000000097b00000|  0%| F|  |TAMS 0x0000000097a00000, 0x0000000097a00000| Untracked 
| 379|0x0000000097b00000, 0x0000000097b00000, 0x0000000097c00000|  0%| F|  |TAMS 0x0000000097b00000, 0x0000000097b00000| Untracked 
| 380|0x0000000097c00000, 0x0000000097c00000, 0x0000000097d00000|  0%| F|  |TAMS 0x0000000097c00000, 0x0000000097c00000| Untracked 
| 381|0x0000000097d00000, 0x0000000097d00000, 0x0000000097e00000|  0%| F|  |TAMS 0x0000000097d00000, 0x0000000097d00000| Untracked 
| 382|0x0000000097e00000, 0x0000000097e00000, 0x0000000097f00000|  0%| F|  |TAMS 0x0000000097e00000, 0x0000000097e00000| Untracked 
| 383|0x0000000097f00000, 0x0000000097f00000, 0x0000000098000000|  0%| F|  |TAMS 0x0000000097f00000, 0x0000000097f00000| Untracked 
| 384|0x0000000098000000, 0x0000000098000000, 0x0000000098100000|  0%| F|  |TAMS 0x0000000098000000, 0x0000000098000000| Untracked 
| 385|0x0000000098100000, 0x0000000098100000, 0x0000000098200000|  0%| F|  |TAMS 0x0000000098100000, 0x0000000098100000| Untracked 
| 386|0x0000000098200000, 0x0000000098200000, 0x0000000098300000|  0%| F|  |TAMS 0x0000000098200000, 0x0000000098200000| Untracked 
| 387|0x0000000098300000, 0x0000000098300000, 0x0000000098400000|  0%| F|  |TAMS 0x0000000098300000, 0x0000000098300000| Untracked 
| 388|0x0000000098400000, 0x0000000098400000, 0x0000000098500000|  0%| F|  |TAMS 0x0000000098400000, 0x0000000098400000| Untracked 
| 389|0x0000000098500000, 0x0000000098500000, 0x0000000098600000|  0%| F|  |TAMS 0x0000000098500000, 0x0000000098500000| Untracked 
| 390|0x0000000098600000, 0x0000000098600000, 0x0000000098700000|  0%| F|  |TAMS 0x0000000098600000, 0x0000000098600000| Untracked 
| 391|0x0000000098700000, 0x0000000098700000, 0x0000000098800000|  0%| F|  |TAMS 0x0000000098700000, 0x0000000098700000| Untracked 
| 392|0x0000000098800000, 0x0000000098800000, 0x0000000098900000|  0%| F|  |TAMS 0x0000000098800000, 0x0000000098800000| Untracked 
| 393|0x0000000098900000, 0x0000000098900000, 0x0000000098a00000|  0%| F|  |TAMS 0x0000000098900000, 0x0000000098900000| Untracked 
| 394|0x0000000098a00000, 0x0000000098a00000, 0x0000000098b00000|  0%| F|  |TAMS 0x0000000098a00000, 0x0000000098a00000| Untracked 
| 395|0x0000000098b00000, 0x0000000098b00000, 0x0000000098c00000|  0%| F|  |TAMS 0x0000000098b00000, 0x0000000098b00000| Untracked 
| 396|0x0000000098c00000, 0x0000000098c00000, 0x0000000098d00000|  0%| F|  |TAMS 0x0000000098c00000, 0x0000000098c00000| Untracked 
| 397|0x0000000098d00000, 0x0000000098d00000, 0x0000000098e00000|  0%| F|  |TAMS 0x0000000098d00000, 0x0000000098d00000| Untracked 
| 398|0x0000000098e00000, 0x0000000098e00000, 0x0000000098f00000|  0%| F|  |TAMS 0x0000000098e00000, 0x0000000098e00000| Untracked 
| 399|0x0000000098f00000, 0x0000000098f00000, 0x0000000099000000|  0%| F|  |TAMS 0x0000000098f00000, 0x0000000098f00000| Untracked 
| 400|0x0000000099000000, 0x0000000099000000, 0x0000000099100000|  0%| F|  |TAMS 0x0000000099000000, 0x0000000099000000| Untracked 
| 401|0x0000000099100000, 0x0000000099100000, 0x0000000099200000|  0%| F|  |TAMS 0x0000000099100000, 0x0000000099100000| Untracked 
| 402|0x0000000099200000, 0x0000000099200000, 0x0000000099300000|  0%| F|  |TAMS 0x0000000099200000, 0x0000000099200000| Untracked 
| 403|0x0000000099300000, 0x0000000099300000, 0x0000000099400000|  0%| F|  |TAMS 0x0000000099300000, 0x0000000099300000| Untracked 
| 404|0x0000000099400000, 0x0000000099400000, 0x0000000099500000|  0%| F|  |TAMS 0x0000000099400000, 0x0000000099400000| Untracked 

Card table byte_map: [0x000002399f580000,0x000002399f980000] _byte_map_base: 0x000002399f180000

Marking Bits (Prev, Next): (CMBitMap*) 0x000002398664ec10, (CMBitMap*) 0x000002398664ebd0
 Prev Bits: [0x00000239a1d80000, 0x00000239a3d80000)
 Next Bits: [0x000002399fd80000, 0x00000239a1d80000)

Polling page: 0x00000239866b0000

Metaspace:

Usage:
  Non-class:     92.83 MB used.
      Class:     15.06 MB used.
       Both:    107.89 MB used.

Virtual space:
  Non-class space:      128.00 MB reserved,      94.00 MB ( 73%) committed,  2 nodes.
      Class space:      412.00 MB reserved,      16.31 MB (  4%) committed,  1 nodes.
             Both:      540.00 MB reserved,     110.31 MB ( 20%) committed. 

Chunk freelists:
   Non-Class:  1.26 MB
       Class:  3.54 MB
        Both:  4.80 MB

MaxMetaspaceSize: 512.00 MB
CompressedClassSpaceSize: 412.00 MB
Initial GC threshold: 21.00 MB
Current GC threshold: 172.50 MB
CDS: on
MetaspaceReclaimPolicy: balanced
 - commit_granule_bytes: 65536.
 - commit_granule_words: 8192.
 - virtual_space_node_default_size: 8388608.
 - enlarge_chunks_in_place: 1.
 - new_chunks_are_fully_committed: 0.
 - uncommit_free_chunks: 1.
 - use_allocation_guard: 0.


Internal statistics:

num_allocs_failed_limit: 6.
num_arena_births: 4328.
num_arena_deaths: 0.
num_vsnodes_births: 3.
num_vsnodes_deaths: 0.
num_space_committed: 1765.
num_space_uncommitted: 0.
num_chunks_returned_to_freelist: 6.
num_chunks_taken_from_freelist: 9451.
num_chunk_merges: 6.
num_chunk_splits: 6135.
num_chunks_enlarged: 3817.
num_inconsistent_stats: 0.

CodeHeap 'non-profiled nmethods': size=120000Kb used=5867Kb max_used=5867Kb free=114132Kb
 bounds [0x00000239971f0000, 0x00000239977b0000, 0x000002399e720000]
CodeHeap 'profiled nmethods': size=120000Kb used=24607Kb max_used=24607Kb free=95392Kb
 bounds [0x000002398fcc0000, 0x00000239914d0000, 0x00000239971f0000]
CodeHeap 'non-nmethods': size=5760Kb used=2474Kb max_used=2570Kb free=3285Kb
 bounds [0x000002398f720000, 0x000002398f9d0000, 0x000002398fcc0000]
 total_blobs=13101 nmethods=12094 adapters=919
 compilation: enabled
              stopped_count=0, restarted_count=0
 full_count=0

Compilation events (20 events):
Event: 54.985 Thread 0x00000239a681ddd0 13953   !   2       com.sun.beans.introspect.ClassInfo::getEventSets (47 bytes)
Event: 54.985 Thread 0x00000239a681ddd0 nmethod 13953 0x00000239914c4610 code [0x00000239914c47c0, 0x00000239914c4a48]
Event: 54.985 Thread 0x00000239a681ddd0 13954       2       java.beans.SimpleBeanInfo::<init> (5 bytes)
Event: 54.986 Thread 0x00000239a681ddd0 nmethod 13954 0x00000239914c4b90 code [0x00000239914c4d20, 0x00000239914c4e18]
Event: 54.996 Thread 0x00000239a681d3a0 nmethod 13945% 0x00000239977a7b90 code [0x00000239977a7e20, 0x00000239977a92e8]
Event: 54.996 Thread 0x00000239a681d3a0 13947       4       java.beans.MethodRef::set (58 bytes)
Event: 55.003 Thread 0x00000239a681d3a0 nmethod 13947 0x00000239977a9e90 code [0x00000239977aa040, 0x00000239977aa848]
Event: 55.003 Thread 0x00000239a681d3a0 13925       4       org.codehaus.groovy.reflection.stdclasses.CachedSAMClass::getAbstractMethods (122 bytes)
Event: 55.009 Thread 0x00000239a681ddd0 13955   !   2       jdk.proxy2.$Proxy53::accept (34 bytes)
Event: 55.010 Thread 0x00000239a681ddd0 nmethod 13955 0x00000239914c4e90 code [0x00000239914c5060, 0x00000239914c5418]
Event: 55.010 Thread 0x00000239a681ddd0 13956   !   2       org.codehaus.groovy.runtime.ConversionHandler::invoke (212 bytes)
Event: 55.012 Thread 0x00000239a681ddd0 nmethod 13956 0x00000239914c5610 code [0x00000239914c5960, 0x00000239914c6768]
Event: 55.012 Thread 0x00000239a681ddd0 13957       2       org.gradle.api.internal.AbstractTask::getAsDynamicObject (9 bytes)
Event: 55.012 Thread 0x00000239a681ddd0 nmethod 13957 0x00000239914c7290 code [0x00000239914c7420, 0x00000239914c7548]
Event: 55.028 Thread 0x00000239a681ddd0 13958       1       org.codehaus.groovy.runtime.metaclass.MultipleSetterProperty::setField (6 bytes)
Event: 55.028 Thread 0x00000239a681ddd0 nmethod 13958 0x00000239977aaa10 code [0x00000239977aaba0, 0x00000239977aacb8]
Event: 55.037 Thread 0x00000239a681ddd0 13959       2       org.codehaus.groovy.reflection.CachedClass$2$$Lambda$433/0x0000000801097908::test (8 bytes)
Event: 55.037 Thread 0x00000239a681ddd0 nmethod 13959 0x00000239914c7610 code [0x00000239914c77c0, 0x00000239914c7988]
Event: 55.037 Thread 0x00000239a681ddd0 13960       2       org.codehaus.groovy.reflection.CachedClass$2::lambda$initValue$1 (25 bytes)
Event: 55.037 Thread 0x00000239a681ddd0 nmethod 13960 0x00000239914c7a90 code [0x00000239914c7c20, 0x00000239914c7d88]

GC Heap History (20 events):
Event: 38.804 GC heap after
{Heap after GC invocations=42 (full 0):
 garbage-first heap   total 414720K, used 95831K [0x0000000080000000, 0x0000000100000000)
  region size 1024K, 1 young (1024K), 1 survivors (1024K)
 Metaspace       used 84114K, committed 86208K, reserved 552960K
  class space    used 11722K, committed 12800K, reserved 421888K
}
Event: 47.536 GC heap before
{Heap before GC invocations=42 (full 0):
 garbage-first heap   total 414720K, used 220759K [0x0000000080000000, 0x0000000100000000)
  region size 1024K, 124 young (126976K), 1 survivors (1024K)
 Metaspace       used 90648K, committed 92864K, reserved 552960K
  class space    used 12612K, committed 13760K, reserved 421888K
}
Event: 47.544 GC heap after
{Heap after GC invocations=43 (full 0):
 garbage-first heap   total 414720K, used 102572K [0x0000000080000000, 0x0000000100000000)
  region size 1024K, 8 young (8192K), 8 survivors (8192K)
 Metaspace       used 90648K, committed 92864K, reserved 552960K
  class space    used 12612K, committed 13760K, reserved 421888K
}
Event: 49.490 GC heap before
{Heap before GC invocations=44 (full 0):
 garbage-first heap   total 372736K, used 257196K [0x0000000080000000, 0x0000000100000000)
  region size 1024K, 159 young (162816K), 8 survivors (8192K)
 Metaspace       used 98996K, committed 101184K, reserved 552960K
  class space    used 13890K, committed 15040K, reserved 421888K
}
Event: 49.505 GC heap after
{Heap after GC invocations=45 (full 0):
 garbage-first heap   total 372736K, used 112398K [0x0000000080000000, 0x0000000100000000)
  region size 1024K, 17 young (17408K), 17 survivors (17408K)
 Metaspace       used 98996K, committed 101184K, reserved 552960K
  class space    used 13890K, committed 15040K, reserved 421888K
}
Event: 49.506 GC heap before
{Heap before GC invocations=45 (full 0):
 garbage-first heap   total 372736K, used 113422K [0x0000000080000000, 0x0000000100000000)
  region size 1024K, 18 young (18432K), 17 survivors (17408K)
 Metaspace       used 98996K, committed 101184K, reserved 552960K
  class space    used 13890K, committed 15040K, reserved 421888K
}
Event: 49.517 GC heap after
{Heap after GC invocations=46 (full 0):
 garbage-first heap   total 372736K, used 113452K [0x0000000080000000, 0x0000000100000000)
  region size 1024K, 2 young (2048K), 2 survivors (2048K)
 Metaspace       used 98996K, committed 101184K, reserved 552960K
  class space    used 13890K, committed 15040K, reserved 421888K
}
Event: 49.800 GC heap before
{Heap before GC invocations=46 (full 0):
 garbage-first heap   total 372736K, used 127788K [0x0000000080000000, 0x0000000100000000)
  region size 1024K, 18 young (18432K), 2 survivors (2048K)
 Metaspace       used 99445K, committed 101696K, reserved 552960K
  class space    used 13939K, committed 15104K, reserved 421888K
}
Event: 49.803 GC heap after
{Heap after GC invocations=47 (full 0):
 garbage-first heap   total 372736K, used 114561K [0x0000000080000000, 0x0000000100000000)
  region size 1024K, 4 young (4096K), 4 survivors (4096K)
 Metaspace       used 99445K, committed 101696K, reserved 552960K
  class space    used 13939K, committed 15104K, reserved 421888K
}
Event: 52.086 GC heap before
{Heap before GC invocations=48 (full 0):
 garbage-first heap   total 372736K, used 257921K [0x0000000080000000, 0x0000000100000000)
  region size 1024K, 133 young (136192K), 4 survivors (4096K)
 Metaspace       used 102762K, committed 105152K, reserved 552960K
  class space    used 14366K, committed 15616K, reserved 421888K
}
Event: 52.101 GC heap after
{Heap after GC invocations=49 (full 0):
 garbage-first heap   total 372736K, used 149557K [0x0000000080000000, 0x0000000100000000)
  region size 1024K, 17 young (17408K), 17 survivors (17408K)
 Metaspace       used 102762K, committed 105152K, reserved 552960K
  class space    used 14366K, committed 15616K, reserved 421888K
}
Event: 52.113 GC heap before
{Heap before GC invocations=49 (full 0):
 garbage-first heap   total 372736K, used 150581K [0x0000000080000000, 0x0000000100000000)
  region size 1024K, 18 young (18432K), 17 survivors (17408K)
 Metaspace       used 102775K, committed 105152K, reserved 552960K
  class space    used 14369K, committed 15616K, reserved 421888K
}
Event: 52.123 GC heap after
{Heap after GC invocations=50 (full 0):
 garbage-first heap   total 372736K, used 149681K [0x0000000080000000, 0x0000000100000000)
  region size 1024K, 2 young (2048K), 2 survivors (2048K)
 Metaspace       used 102775K, committed 105152K, reserved 552960K
  class space    used 14369K, committed 15616K, reserved 421888K
}
Event: 52.466 GC heap before
{Heap before GC invocations=50 (full 0):
 garbage-first heap   total 372736K, used 171185K [0x0000000080000000, 0x0000000100000000)
  region size 1024K, 25 young (25600K), 2 survivors (2048K)
 Metaspace       used 103070K, committed 105536K, reserved 552960K
  class space    used 14402K, committed 15680K, reserved 421888K
}
Event: 52.471 GC heap after
{Heap after GC invocations=51 (full 0):
 garbage-first heap   total 372736K, used 154461K [0x0000000080000000, 0x0000000100000000)
  region size 1024K, 6 young (6144K), 6 survivors (6144K)
 Metaspace       used 103070K, committed 105536K, reserved 552960K
  class space    used 14402K, committed 15680K, reserved 421888K
}
Event: 53.980 GC heap before
{Heap before GC invocations=52 (full 0):
 garbage-first heap   total 372736K, used 263005K [0x0000000080000000, 0x0000000100000000)
  region size 1024K, 111 young (113664K), 6 survivors (6144K)
 Metaspace       used 108038K, committed 110528K, reserved 552960K
  class space    used 15115K, committed 16384K, reserved 421888K
}
Event: 53.989 GC heap after
{Heap after GC invocations=53 (full 0):
 garbage-first heap   total 372736K, used 162917K [0x0000000080000000, 0x0000000100000000)
  region size 1024K, 14 young (14336K), 14 survivors (14336K)
 Metaspace       used 108038K, committed 110528K, reserved 552960K
  class space    used 15115K, committed 16384K, reserved 421888K
}
Event: 54.036 GC heap before
{Heap before GC invocations=53 (full 0):
 garbage-first heap   total 372736K, used 167013K [0x0000000080000000, 0x0000000100000000)
  region size 1024K, 18 young (18432K), 14 survivors (14336K)
 Metaspace       used 108245K, committed 110720K, reserved 552960K
  class space    used 15143K, committed 16384K, reserved 421888K
}
Event: 54.049 GC heap after
{Heap after GC invocations=54 (full 0):
 garbage-first heap   total 372736K, used 163734K [0x0000000080000000, 0x0000000100000000)
  region size 1024K, 2 young (2048K), 2 survivors (2048K)
 Metaspace       used 108245K, committed 110720K, reserved 552960K
  class space    used 15143K, committed 16384K, reserved 421888K
}
Event: 55.041 GC heap before
{Heap before GC invocations=54 (full 0):
 garbage-first heap   total 372736K, used 272278K [0x0000000080000000, 0x0000000100000000)
  region size 1024K, 108 young (110592K), 2 survivors (2048K)
 Metaspace       used 110478K, committed 112960K, reserved 552960K
  class space    used 15417K, committed 16704K, reserved 421888K
}

Deoptimization events (20 events):
Event: 54.164 Thread 0x00000239ac940420 DEOPT PACKING pc=0x0000023997480770 sp=0x000000eed3ff6580
Event: 54.164 Thread 0x00000239ac940420 DEOPT UNPACKING pc=0x000002398f7723a3 sp=0x000000eed3ff6508 mode 2
Event: 54.165 Thread 0x00000239ac940420 Uncommon trap: trap_request=0xffffff45 fr.pc=0x00000239974cd548 relative=0x0000000000000308
Event: 54.165 Thread 0x00000239ac940420 Uncommon trap: reason=unstable_if action=reinterpret pc=0x00000239974cd548 method=org.objectweb.asm.MethodWriter.visitVarInsn(II)V @ 224 c2
Event: 54.165 Thread 0x00000239ac940420 DEOPT PACKING pc=0x00000239974cd548 sp=0x000000eed3ff6860
Event: 54.165 Thread 0x00000239ac940420 DEOPT UNPACKING pc=0x000002398f7723a3 sp=0x000000eed3ff67f8 mode 2
Event: 54.165 Thread 0x00000239ac940420 Uncommon trap: trap_request=0xffffff45 fr.pc=0x0000023997342164 relative=0x0000000000004484
Event: 54.165 Thread 0x00000239ac940420 Uncommon trap: reason=unstable_if action=reinterpret pc=0x0000023997342164 method=org.objectweb.asm.Type.getTypeInternal(Ljava/lang/String;II)Lorg/objectweb/asm/Type; @ 5 c2
Event: 54.165 Thread 0x00000239ac940420 DEOPT PACKING pc=0x0000023997342164 sp=0x000000eed3ff69c0
Event: 54.165 Thread 0x00000239ac940420 DEOPT UNPACKING pc=0x000002398f7723a3 sp=0x000000eed3ff67f0 mode 2
Event: 54.165 Thread 0x00000239ac940420 Uncommon trap: trap_request=0xffffff45 fr.pc=0x000002399726911c relative=0x00000000000009bc
Event: 54.165 Thread 0x00000239ac940420 Uncommon trap: reason=unstable_if action=reinterpret pc=0x000002399726911c method=org.objectweb.asm.Frame.accept(Lorg/objectweb/asm/MethodWriter;)V @ 32 c2
Event: 54.165 Thread 0x00000239ac940420 DEOPT PACKING pc=0x000002399726911c sp=0x000000eed3ff6940
Event: 54.165 Thread 0x00000239ac940420 DEOPT UNPACKING pc=0x000002398f7723a3 sp=0x000000eed3ff68f0 mode 2
Event: 54.184 Thread 0x00000239ac940420 DEOPT PACKING pc=0x0000023990e679d6 sp=0x000000eed3ff68e0
Event: 54.184 Thread 0x00000239ac940420 DEOPT UNPACKING pc=0x000002398f772b43 sp=0x000000eed3ff5e90 mode 0
Event: 54.407 Thread 0x00000239ac940420 DEOPT PACKING pc=0x0000023990e679d6 sp=0x000000eed3ff6bc0
Event: 54.407 Thread 0x00000239ac940420 DEOPT UNPACKING pc=0x000002398f772b43 sp=0x000000eed3ff6170 mode 0
Event: 54.831 Thread 0x00000239ac940420 DEOPT PACKING pc=0x0000023990a0b66e sp=0x000000eed3ff7040
Event: 54.831 Thread 0x00000239ac940420 DEOPT UNPACKING pc=0x000002398f772b43 sp=0x000000eed3ff64f0 mode 0

Classes loaded (20 events):
Event: 52.521 Loading class java/nio/file/PathsCustomizer
Event: 52.521 Loading class java/nio/file/PathsCustomizer done
Event: 52.521 Loading class java/nio/file/PathsCustomizer
Event: 52.521 Loading class java/nio/file/PathsCustomizer done
Event: 52.655 Loading class jdk/internal/reflect/MethodHandleCharacterFieldAccessorImpl
Event: 52.655 Loading class jdk/internal/reflect/MethodHandleCharacterFieldAccessorImpl done
Event: 52.839 Loading class java/io/FilterReader
Event: 52.840 Loading class java/io/FilterReader done
Event: 53.458 Loading class java/io/SerialCallbackContext
Event: 53.459 Loading class java/io/SerialCallbackContext done
Event: 53.538 Loading class java/util/AbstractList$RandomAccessSubList
Event: 53.538 Loading class java/util/AbstractList$SubList
Event: 53.539 Loading class java/util/AbstractList$SubList done
Event: 53.539 Loading class java/util/AbstractList$RandomAccessSubList done
Event: 53.539 Loading class java/util/AbstractList$SubList$1
Event: 53.539 Loading class java/util/AbstractList$SubList$1 done
Event: 54.060 Loading class java/util/zip/ZipOutputStream
Event: 54.060 Loading class java/util/zip/ZipOutputStream done
Event: 54.405 Loading class java/security/cert/CertificateEncodingException
Event: 54.405 Loading class java/security/cert/CertificateEncodingException done

Classes unloaded (0 events):
No events

Classes redefined (0 events):
No events

Internal exceptions (20 events):
Event: 55.007 Thread 0x00000239ac940420 Exception <a 'java/lang/ClassNotFoundException'{0x0000000090383c28}: org/gradle/api/tasks/diagnostics/ResolvableConfigurationsReportTaskCustomizer> (0x0000000090383c28) 
thrown [t:\workspace\open\src\hotspot\share\classfile\systemDictionary.cpp, line 255]
Event: 55.008 Thread 0x00000239ac940420 Exception <a 'java/lang/ClassNotFoundException'{0x00000000903a48c8}: org/gradle/api/tasks/diagnostics/ResolvableConfigurationsReportTask_DecoratedCustomizer> (0x00000000903a48c8) 
thrown [t:\workspace\open\src\hotspot\share\classfile\systemDictionary.cpp, line 255]
Event: 55.012 Thread 0x00000239ac940420 Exception <a 'java/lang/ClassNotFoundException'{0x0000000090226958}: com/android/build/gradle/internal/tasks/SigningConfigWriterTask_DecoratedBeanInfo> (0x0000000090226958) 
thrown [t:\workspace\open\src\hotspot\share\classfile\systemDictionary.cpp, line 255]
Event: 55.012 Thread 0x00000239ac940420 Exception <a 'java/lang/ClassNotFoundException'{0x0000000090232998}: com/android/build/gradle/internal/tasks/SigningConfigWriterTaskBeanInfo> (0x0000000090232998) 
thrown [t:\workspace\open\src\hotspot\share\classfile\systemDictionary.cpp, line 255]
Event: 55.013 Thread 0x00000239ac940420 Exception <a 'java/lang/ClassNotFoundException'{0x000000009023e738}: com/android/build/gradle/internal/tasks/SigningConfigWriterTaskCustomizer> (0x000000009023e738) 
thrown [t:\workspace\open\src\hotspot\share\classfile\systemDictionary.cpp, line 255]
Event: 55.017 Thread 0x00000239ac940420 Exception <a 'java/lang/ClassNotFoundException'{0x00000000902635d0}: com/android/build/gradle/internal/tasks/SigningConfigWriterTask_DecoratedCustomizer> (0x00000000902635d0) 
thrown [t:\workspace\open\src\hotspot\share\classfile\systemDictionary.cpp, line 255]
Event: 55.021 Thread 0x00000239ac940420 Exception <a 'java/lang/ClassNotFoundException'{0x00000000902d3bb0}: com/android/build/gradle/internal/tasks/SigningReportTask_DecoratedBeanInfo> (0x00000000902d3bb0) 
thrown [t:\workspace\open\src\hotspot\share\classfile\systemDictionary.cpp, line 255]
Event: 55.022 Thread 0x00000239ac940420 Exception <a 'java/lang/ClassNotFoundException'{0x00000000902dfe00}: com/android/build/gradle/internal/tasks/SigningReportTaskBeanInfo> (0x00000000902dfe00) 
thrown [t:\workspace\open\src\hotspot\share\classfile\systemDictionary.cpp, line 255]
Event: 55.023 Thread 0x00000239ac940420 Exception <a 'java/lang/ClassNotFoundException'{0x00000000902ebac0}: com/android/build/gradle/internal/tasks/SigningReportTaskCustomizer> (0x00000000902ebac0) 
thrown [t:\workspace\open\src\hotspot\share\classfile\systemDictionary.cpp, line 255]
Event: 55.024 Thread 0x00000239ac940420 Exception <a 'java/lang/ClassNotFoundException'{0x0000000090106e28}: com/android/build/gradle/internal/tasks/SigningReportTask_DecoratedCustomizer> (0x0000000090106e28) 
thrown [t:\workspace\open\src\hotspot\share\classfile\systemDictionary.cpp, line 255]
Event: 55.031 Thread 0x00000239ac940420 Exception <a 'java/lang/ClassNotFoundException'{0x0000000090180f58}: com/android/build/gradle/internal/tasks/SourceSetsTask_DecoratedBeanInfo> (0x0000000090180f58) 
thrown [t:\workspace\open\src\hotspot\share\classfile\systemDictionary.cpp, line 255]
Event: 55.033 Thread 0x00000239ac940420 Exception <a 'java/lang/ClassNotFoundException'{0x00000000901a50f8}: com/android/build/gradle/internal/tasks/SourceSetsTaskBeanInfo> (0x00000000901a50f8) 
thrown [t:\workspace\open\src\hotspot\share\classfile\systemDictionary.cpp, line 255]
Event: 55.033 Thread 0x00000239ac940420 Exception <a 'java/lang/ClassNotFoundException'{0x00000000901b2850}: org/gradle/api/tasks/diagnostics/ProjectBasedReportTaskBeanInfo> (0x00000000901b2850) 
thrown [t:\workspace\open\src\hotspot\share\classfile\systemDictionary.cpp, line 255]
Event: 55.034 Thread 0x00000239ac940420 Exception <a 'java/lang/ClassNotFoundException'{0x00000000901bf7d0}: org/gradle/api/tasks/diagnostics/ProjectBasedReportTaskCustomizer> (0x00000000901bf7d0) 
thrown [t:\workspace\open\src\hotspot\share\classfile\systemDictionary.cpp, line 255]
Event: 55.034 Thread 0x00000239ac940420 Exception <a 'java/lang/ClassNotFoundException'{0x00000000901d9af8}: com/android/build/gradle/internal/tasks/SourceSetsTaskCustomizer> (0x00000000901d9af8) 
thrown [t:\workspace\open\src\hotspot\share\classfile\systemDictionary.cpp, line 255]
Event: 55.035 Thread 0x00000239ac940420 Exception <a 'java/lang/ClassNotFoundException'{0x00000000901f3e50}: com/android/build/gradle/internal/tasks/SourceSetsTask_DecoratedCustomizer> (0x00000000901f3e50) 
thrown [t:\workspace\open\src\hotspot\share\classfile\systemDictionary.cpp, line 255]
Event: 55.038 Thread 0x00000239ac940420 Exception <a 'java/lang/ClassNotFoundException'{0x0000000090079350}: com/android/build/gradle/internal/tasks/StripDebugSymbolsTask_DecoratedBeanInfo> (0x0000000090079350) 
thrown [t:\workspace\open\src\hotspot\share\classfile\systemDictionary.cpp, line 255]
Event: 55.038 Thread 0x00000239ac940420 Exception <a 'java/lang/ClassNotFoundException'{0x0000000090085300}: com/android/build/gradle/internal/tasks/StripDebugSymbolsTaskBeanInfo> (0x0000000090085300) 
thrown [t:\workspace\open\src\hotspot\share\classfile\systemDictionary.cpp, line 255]
Event: 55.039 Thread 0x00000239ac940420 Exception <a 'java/lang/ClassNotFoundException'{0x0000000090091050}: com/android/build/gradle/internal/tasks/StripDebugSymbolsTaskCustomizer> (0x0000000090091050) 
thrown [t:\workspace\open\src\hotspot\share\classfile\systemDictionary.cpp, line 255]
Event: 55.039 Thread 0x00000239ac940420 Exception <a 'java/lang/ClassNotFoundException'{0x00000000900b4f60}: com/android/build/gradle/internal/tasks/StripDebugSymbolsTask_DecoratedCustomizer> (0x00000000900b4f60) 
thrown [t:\workspace\open\src\hotspot\share\classfile\systemDictionary.cpp, line 255]

VM Operations (20 events):
Event: 52.566 Executing VM operation: HandshakeAllThreads done
Event: 52.623 Executing VM operation: G1Concurrent
Event: 52.629 Executing VM operation: G1Concurrent done
Event: 52.723 Executing VM operation: G1Concurrent
Event: 52.723 Executing VM operation: G1Concurrent done
Event: 52.924 Executing VM operation: HandshakeAllThreads
Event: 52.924 Executing VM operation: HandshakeAllThreads done
Event: 53.196 Executing VM operation: HandshakeAllThreads
Event: 53.196 Executing VM operation: HandshakeAllThreads done
Event: 53.509 Executing VM operation: HandshakeAllThreads
Event: 53.509 Executing VM operation: HandshakeAllThreads done
Event: 53.607 Executing VM operation: HandshakeAllThreads
Event: 53.607 Executing VM operation: HandshakeAllThreads done
Event: 53.980 Executing VM operation: G1CollectForAllocation
Event: 53.989 Executing VM operation: G1CollectForAllocation done
Event: 54.036 Executing VM operation: G1CollectForAllocation
Event: 54.049 Executing VM operation: G1CollectForAllocation done
Event: 54.534 Executing VM operation: ICBufferFull
Event: 54.534 Executing VM operation: ICBufferFull done
Event: 55.041 Executing VM operation: G1CollectForAllocation

Events (20 events):
Event: 50.501 Thread 0x00000239b4680a60 Thread added: 0x00000239b4680a60
Event: 51.277 Thread 0x00000239b467da40 Thread added: 0x00000239b467da40
Event: 51.277 Thread 0x00000239b4681da0 Thread added: 0x00000239b4681da0
Event: 51.278 Thread 0x00000239b46818d0 Thread added: 0x00000239b46818d0
Event: 51.278 Thread 0x00000239b46848f0 Thread added: 0x00000239b46848f0
Event: 51.278 Thread 0x00000239b4682270 Thread added: 0x00000239b4682270
Event: 51.278 Thread 0x00000239b4682740 Thread added: 0x00000239b4682740
Event: 51.279 Thread 0x00000239b4682c10 Thread added: 0x00000239b4682c10
Event: 52.342 Thread 0x00000239b4684420 Thread added: 0x00000239b4684420
Event: 52.342 Thread 0x00000239b467f250 Thread added: 0x00000239b467f250
Event: 52.351 Thread 0x00000239b4683a80 Thread added: 0x00000239b4683a80
Event: 52.351 Thread 0x00000239b4683f50 Thread added: 0x00000239b4683f50
Event: 52.352 Thread 0x00000239b467e3e0 Thread added: 0x00000239b467e3e0
Event: 52.352 Thread 0x00000239b467d0a0 Thread added: 0x00000239b467d0a0
Event: 52.353 Thread 0x00000239b467e8b0 Thread added: 0x00000239b467e8b0
Event: 52.505 Thread 0x00000239a6820e70 flushing nmethod 0x00000239901a3c90
Event: 52.506 Thread 0x00000239a6820e70 flushing nmethod 0x0000023990331b90
Event: 52.510 Thread 0x00000239a6820e70 flushing nmethod 0x0000023990763b90
Event: 52.510 Thread 0x00000239a6820e70 flushing nmethod 0x00000239907a0310
Event: 52.510 Thread 0x00000239a6820e70 flushing nmethod 0x00000239907eeb10


Dynamic libraries:
0x00007ff696430000 - 0x00007ff696440000 	C:\Program Files\Java\jdk-18\bin\java.exe
0x00007fffdfbf0000 - 0x00007fffdfde8000 	C:\Windows\SYSTEM32\ntdll.dll
0x00007fffde5c0000 - 0x00007fffde682000 	C:\Windows\System32\KERNEL32.DLL
0x00007fffdd510000 - 0x00007fffdd80e000 	C:\Windows\System32\KERNELBASE.dll
0x00007fffdd9d0000 - 0x00007fffddad0000 	C:\Windows\System32\ucrtbase.dll
0x00007fffbcc30000 - 0x00007fffbcc4a000 	C:\Program Files\Java\jdk-18\bin\VCRUNTIME140.dll
0x00007fffbcd80000 - 0x00007fffbcd98000 	C:\Program Files\Java\jdk-18\bin\jli.dll
0x00007fffdf6f0000 - 0x00007fffdf7a0000 	C:\Windows\System32\ADVAPI32.dll
0x00007fffddd90000 - 0x00007fffdde2e000 	C:\Windows\System32\msvcrt.dll
0x00007fffdf650000 - 0x00007fffdf6f0000 	C:\Windows\System32\sechost.dll
0x00007fffddc60000 - 0x00007fffddd83000 	C:\Windows\System32\RPCRT4.dll
0x00007fffdd4b0000 - 0x00007fffdd4d7000 	C:\Windows\System32\bcrypt.dll
0x00007fffdebb0000 - 0x00007fffded4d000 	C:\Windows\System32\USER32.dll
0x00007fffdd4e0000 - 0x00007fffdd502000 	C:\Windows\System32\win32u.dll
0x00007fffcb400000 - 0x00007fffcb69a000 	C:\Windows\WinSxS\amd64_microsoft.windows.common-controls_6595b64144ccf1df_6.0.19041.4355_none_60b8b9eb71f62e16\COMCTL32.dll
0x00007fffdf920000 - 0x00007fffdf94b000 	C:\Windows\System32\GDI32.dll
0x00007fffdd8b0000 - 0x00007fffdd9c7000 	C:\Windows\System32\gdi32full.dll
0x00007fffdd810000 - 0x00007fffdd8ad000 	C:\Windows\System32\msvcp_win.dll
0x00007fffd7880000 - 0x00007fffd788a000 	C:\Windows\SYSTEM32\VERSION.dll
0x00007fffddc20000 - 0x00007fffddc4f000 	C:\Windows\System32\IMM32.DLL
0x00007fffc7cd0000 - 0x00007fffc7cdc000 	C:\Program Files\Java\jdk-18\bin\vcruntime140_1.dll
0x00007fffac330000 - 0x00007fffac3bd000 	C:\Program Files\Java\jdk-18\bin\msvcp140.dll
0x00007fff90b90000 - 0x00007fff917a1000 	C:\Program Files\Java\jdk-18\bin\server\jvm.dll
0x00007fffddc50000 - 0x00007fffddc58000 	C:\Windows\System32\PSAPI.DLL
0x00007fffd08a0000 - 0x00007fffd08c7000 	C:\Windows\SYSTEM32\WINMM.dll
0x00007fffc7d70000 - 0x00007fffc7d79000 	C:\Windows\SYSTEM32\WSOCK32.dll
0x00007fffdea50000 - 0x00007fffdeabb000 	C:\Windows\System32\WS2_32.dll
0x00007fffdadf0000 - 0x00007fffdae02000 	C:\Windows\SYSTEM32\kernel.appcore.dll
0x00007fffc72d0000 - 0x00007fffc72da000 	C:\Program Files\Java\jdk-18\bin\jimage.dll
0x00007fffd6bd0000 - 0x00007fffd6db4000 	C:\Windows\SYSTEM32\DBGHELP.DLL
0x00007fffd6b70000 - 0x00007fffd6ba4000 	C:\Windows\SYSTEM32\dbgcore.DLL
0x00007fffddad0000 - 0x00007fffddb52000 	C:\Windows\System32\bcryptPrimitives.dll
0x00007fffc6800000 - 0x00007fffc680e000 	C:\Program Files\Java\jdk-18\bin\instrument.dll
0x00007fffbc380000 - 0x00007fffbc3a5000 	C:\Program Files\Java\jdk-18\bin\java.dll
0x00007fffa80a0000 - 0x00007fffa8176000 	C:\Program Files\Java\jdk-18\bin\jsvml.dll
0x00007fffdde50000 - 0x00007fffde5bf000 	C:\Windows\System32\SHELL32.dll
0x00007fffdaff0000 - 0x00007fffdb794000 	C:\Windows\SYSTEM32\windows.storage.dll
0x00007fffdee10000 - 0x00007fffdf163000 	C:\Windows\System32\combase.dll
0x00007fffdcb20000 - 0x00007fffdcb4e000 	C:\Windows\SYSTEM32\Wldp.dll
0x00007fffdf850000 - 0x00007fffdf91d000 	C:\Windows\System32\OLEAUT32.dll
0x00007fffdfb00000 - 0x00007fffdfbad000 	C:\Windows\System32\SHCORE.dll
0x00007fffdedb0000 - 0x00007fffdee05000 	C:\Windows\System32\shlwapi.dll
0x00007fffdd1d0000 - 0x00007fffdd1f4000 	C:\Windows\SYSTEM32\profapi.dll
0x00007fffbcaa0000 - 0x00007fffbcab8000 	C:\Program Files\Java\jdk-18\bin\zip.dll
0x00007fffbbf70000 - 0x00007fffbbf83000 	C:\Program Files\Java\jdk-18\bin\net.dll
0x00007fffdc1c0000 - 0x00007fffdc2cd000 	C:\Windows\SYSTEM32\WINHTTP.dll
0x00007fffdc900000 - 0x00007fffdc96a000 	C:\Windows\system32\mswsock.dll
0x00007fffba7e0000 - 0x00007fffba7f6000 	C:\Program Files\Java\jdk-18\bin\nio.dll
0x00007fffc5020000 - 0x00007fffc5030000 	C:\Program Files\Java\jdk-18\bin\verify.dll
0x00007fffbce60000 - 0x00007fffbce87000 	C:\Users\TalhaBinKhalil\.gradle\native\c067742578af261105cb4f569cf0c3c89f3d7b1fecec35dd04571415982c5e48\windows-amd64\native-platform.dll
0x00007fffa7f50000 - 0x00007fffa8094000 	C:\Users\TalhaBinKhalil\.gradle\native\38dada09dfb8b06ba9b0570ebf7e218e3eb74d4ef43ca46872605cf95ebc2f47\windows-amd64\native-platform-file-events.dll
0x00007fffc4f50000 - 0x00007fffc4f59000 	C:\Program Files\Java\jdk-18\bin\management.dll
0x00007fffc4ed0000 - 0x00007fffc4edb000 	C:\Program Files\Java\jdk-18\bin\management_ext.dll
0x00007fffdcb60000 - 0x00007fffdcb78000 	C:\Windows\SYSTEM32\CRYPTSP.dll
0x00007fffdc130000 - 0x00007fffdc164000 	C:\Windows\system32\rsaenh.dll
0x00007fffdd150000 - 0x00007fffdd17e000 	C:\Windows\SYSTEM32\USERENV.dll
0x00007fffdca90000 - 0x00007fffdca9c000 	C:\Windows\SYSTEM32\CRYPTBASE.dll
0x00007fffdc600000 - 0x00007fffdc63b000 	C:\Windows\SYSTEM32\IPHLPAPI.DLL
0x00007fffdf640000 - 0x00007fffdf648000 	C:\Windows\System32\NSI.dll
0x00007fffd6bb0000 - 0x00007fffd6bc7000 	C:\Windows\SYSTEM32\dhcpcsvc6.DLL
0x00007fffd7520000 - 0x00007fffd753d000 	C:\Windows\SYSTEM32\dhcpcsvc.DLL
0x00007fffdc640000 - 0x00007fffdc70a000 	C:\Windows\SYSTEM32\DNSAPI.dll
0x00007fffbadb0000 - 0x00007fffbadbe000 	C:\Program Files\Java\jdk-18\bin\sunmscapi.dll
0x00007fffdd350000 - 0x00007fffdd4ac000 	C:\Windows\System32\CRYPT32.dll
0x00007fffdccd0000 - 0x00007fffdccf9000 	C:\Windows\SYSTEM32\ncrypt.dll
0x00007fffdcc90000 - 0x00007fffdcccb000 	C:\Windows\SYSTEM32\NTASN1.dll
0x00007fffd3820000 - 0x00007fffd382a000 	C:\Windows\System32\rasadhlp.dll
0x00007fffd3ca0000 - 0x00007fffd3d20000 	C:\Windows\System32\fwpuclnt.dll
0x00007fffb6e70000 - 0x00007fffb6e87000 	C:\Windows\system32\napinsp.dll
0x00007fff7a680000 - 0x00007fff7a69b000 	C:\Windows\system32\pnrpnsp.dll
0x00007fffd7930000 - 0x00007fffd794d000 	C:\Windows\system32\NLAapi.dll
0x00007fff792d0000 - 0x00007fff792e2000 	C:\Windows\System32\winrnr.dll
0x00007fffd9e30000 - 0x00007fffd9e45000 	C:\Windows\system32\wshbth.dll

dbghelp: loaded successfully - version: 4.0.5 - missing functions: none
symbol engine: initialized successfully - sym options: 0x614 - pdb path: .;C:\Program Files\Java\jdk-18\bin;C:\Windows\SYSTEM32;C:\Windows\WinSxS\amd64_microsoft.windows.common-controls_6595b64144ccf1df_6.0.19041.4355_none_60b8b9eb71f62e16;C:\Program Files\Java\jdk-18\bin\server;C:\Users\TalhaBinKhalil\.gradle\native\c067742578af261105cb4f569cf0c3c89f3d7b1fecec35dd04571415982c5e48\windows-amd64;C:\Users\TalhaBinKhalil\.gradle\native\38dada09dfb8b06ba9b0570ebf7e218e3eb74d4ef43ca46872605cf95ebc2f47\windows-amd64

VM Arguments:
jvm_args: -XX:MaxMetaspaceSize=512m --add-opens=java.base/java.util=ALL-UNNAMED --add-opens=java.base/java.lang=ALL-UNNAMED --add-opens=java.base/java.lang.invoke=ALL-UNNAMED --add-opens=java.prefs/java.util.prefs=ALL-UNNAMED --add-opens=java.base/java.nio.charset=ALL-UNNAMED --add-opens=java.base/java.net=ALL-UNNAMED --add-opens=java.base/java.util.concurrent.atomic=ALL-UNNAMED -Xmx2048m -Dfile.encoding=UTF-8 -Duser.country=US -Duser.language=en -Duser.variant -javaagent:C:\Users\TalhaBinKhalil\.gradle\wrapper\dists\gradle-8.6-all\3mbtmo166bl6vumsh5k2lkq5h\gradle-8.6\lib\agents\gradle-instrumentation-agent-8.6.jar 
java_command: org.gradle.launcher.daemon.bootstrap.GradleDaemon 8.6
java_class_path (initial): C:\Users\TalhaBinKhalil\.gradle\wrapper\dists\gradle-8.6-all\3mbtmo166bl6vumsh5k2lkq5h\gradle-8.6\lib\gradle-launcher-8.6.jar
Launcher Type: SUN_STANDARD

[Global flags]
     intx CICompilerCount                          = 4                                         {product} {ergonomic}
   size_t CompressedClassSpaceSize                 = 432013312                                 {product} {ergonomic}
     uint ConcGCThreads                            = 2                                         {product} {ergonomic}
     uint G1ConcRefinementThreads                  = 8                                         {product} {ergonomic}
   size_t G1HeapRegionSize                         = 1048576                                   {product} {ergonomic}
    uintx GCDrainStackTargetSize                   = 64                                        {product} {ergonomic}
   size_t InitialHeapSize                          = 199229440                                 {product} {ergonomic}
   size_t MarkStackSize                            = 4194304                                   {product} {ergonomic}
   size_t MaxHeapSize                              = 2147483648                                {product} {command line}
   size_t MaxMetaspaceSize                         = 536870912                                 {product} {command line}
   size_t MaxNewSize                               = 1287651328                                {product} {ergonomic}
   size_t MinHeapDeltaBytes                        = 1048576                                   {product} {ergonomic}
   size_t MinHeapSize                              = 8388608                                   {product} {ergonomic}
    uintx NonNMethodCodeHeapSize                   = 5839372                                {pd product} {ergonomic}
    uintx NonProfiledCodeHeapSize                  = 122909434                              {pd product} {ergonomic}
    uintx ProfiledCodeHeapSize                     = 122909434                              {pd product} {ergonomic}
    uintx ReservedCodeCacheSize                    = 251658240                              {pd product} {ergonomic}
     bool SegmentedCodeCache                       = true                                      {product} {ergonomic}
   size_t SoftMaxHeapSize                          = 2147483648                             {manageable} {ergonomic}
     bool UseCompressedClassPointers               = true                           {product lp64_product} {ergonomic}
     bool UseCompressedOops                        = true                           {product lp64_product} {ergonomic}
     bool UseG1GC                                  = true                                      {product} {ergonomic}
     bool UseLargePagesIndividualAllocation        = false                                  {pd product} {ergonomic}

Logging:
Log output configuration:
 #0: stdout all=warning uptime,level,tags foldmultilines=false
 #1: stderr all=off uptime,level,tags foldmultilines=false

Environment Variables:
JAVA_HOME=C:\Program Files\Java\jdk-18
CLASSPATH=D:\almafitness\android\\gradle\wrapper\gradle-wrapper.jar
PATH=D:\almafitness\node_modules\.bin;D:\almafitness\node_modules\.bin;D:\node_modules\.bin;C:\Users\TalhaBinKhalil\AppData\Roaming\nvm\v18.19.1\node_modules\npm\node_modules\@npmcli\run-script\lib\node-gyp-bin;D:\almafitness\node_modules\.bin;D:\almafitness\node_modules\.bin;D:\node_modules\.bin;C:\Users\TalhaBinKhalil\AppData\Roaming\nvm\v18.19.1\node_modules\npm\node_modules\@npmcli\run-script\lib\node-gyp-bin;C:\Program Files\Common Files\Oracle\Java\javapath;C:\Python312\Scripts\;C:\Python312\;C:\Windows\system32;C:\Windows;C:\Windows\System32\Wbem;C:\Windows\System32\WindowsPowerShell\v1.0\;C:\Windows\System32\OpenSSH\;C:\Program Files\Git\cmd;C:\ProgramData\chocolatey\bin;C:\Users\TalhaBinKhalil\AppData\Roaming\nvm;C:\Program Files\nodejs;C:\Users\TalhaBinKhalil\AppData\Local\Android\Sdk\platform-tools;C:\Windows\System32\Wbem;C:\Program Files\dotnet\;C:\Users\TalhaBinKhalil\AppData\Local\Android\Sdk\tools;C:\Users\TalhaBinKhalil\AppData\Local\jdk-11.0.2\bin;C:\Python312\Scripts\;C:\Python312\;C:\Windows\system32;C:\Windows;C:\Windows\System32\Wbem;C:\Windows\System32\WindowsPowerShell\v1.0\;C:\Windows\System32\OpenSSH\;C:\Program Files\Git\cmd;C:\ProgramData\chocolatey\bin;C:\Users\TalhaBinKhalil\AppData\Roaming\nvm;C:\Program Files\nodejs;C:\Python312\Scripts\;C:\Python312\;C:\Windows\system32;C:\Windows;C:\Windows\System32\Wbem;C:\Windows\System32\WindowsPowerShell\v1.0\;C:\Windows\System32\OpenSSH\;C:\Program Files\Git\cmd;C:\ProgramData\chocolatey\bin;C:\Users\TalhaBinKhalil\AppData\Roaming\nvm;C:\Program Files\nodejs;C:\Users\TalhaBinKhalil\.console-ninja\.bin;C:\Users\TalhaBinKhalil\AppData\Local\Microsoft\WindowsApps;C:\Users\TalhaBinKhalil\AppData\Local\Programs\Microsoft VS Code\bin;C:\Users\TalhaBinKhalil\AppData\Roaming\npm;C:\Users\TalhaBinKhalil\AppData\Roaming\nvm;C:\Program Files\nodejs;C:\Users\TalhaBinKhalil\AppData\Local\Android\Sdk\platform-tools;C:\Users\TalhaBinKhalil\.dotnet\tools;C:\Program Files\Java\jdk-17;
USERNAME=TalhaBinKhalil
OS=Windows_NT
PROCESSOR_IDENTIFIER=Intel64 Family 6 Model 142 Stepping 12, GenuineIntel



---------------  S Y S T E M  ---------------

OS:
 Windows 10 , 64 bit Build 19041 (10.0.19041.4957)
OS uptime: 5 days 7:52 hours
Hyper-V role detected

CPU: total 8 (initial active 8) (4 cores per cpu, 2 threads per core) family 6 model 142 stepping 12 microcode 0xd6, cx8, cmov, fxsr, ht, mmx, 3dnowpref, sse, sse2, sse3, ssse3, sse4.1, sse4.2, popcnt, lzcnt, tsc, tscinvbit, avx, avx2, aes, erms, clmul, bmi1, bmi2, adx, fma, vzeroupper, clflush, clflushopt, hv

Memory: 4k page, system-wide physical 12121M (140M free)
TotalPageFile size 48985M (AvailPageFile size 349M)
current process WorkingSet (physical memory assigned to process): 626M, peak: 643M
current process commit charge ("private bytes"): 762M, peak: 1395M

vm_info: Java HotSpot(TM) 64-Bit Server VM (18+36-2087) for windows-amd64 JRE (18+36-2087), built on Feb 15 2022 09:43:11 by "mach5one" with MS VC++ 16.8 / 16.9 (VS2019)

END.
